month,n,mean_demand,median_demand,sd_demand,variance
January,61,303.0327868852459,307,171.5483379121965,29428.832240437157
February,56,418.875,397,263.85699036340947,69620.51136363637
March,62,414.46774193548384,397.5,203.75328360962138,41515.4005817028
April,60,528.9166666666666,471.5,222.84229368122055,49658.687853107345
May,62,602.2096774193549,487,355.8280638909096,126613.61105235326
June,60,537.8833333333333,440.5,221.7820041045548,49187.257344632766
July,62,928.516129032258,892.5,281.50670387355535,79246.02432575358
August,62,1077.1129032258063,1046,288.2711101472561,83100.23294553146
September,60,477.8833333333333,443.5,192.73966737164167,37148.579378531074
October,31,483.83870967741933,463,190.74242610987093,36382.67311827957
November,30,394.6333333333333,361,183.61869849441155,33715.82643678161
December,31,390.06451612903226,392,248.33538283054108,61670.4623655914
