diff,lwr,upr,p adj,comparison
115.84221311475301,-33.261924133645266,264.9463503631513,0.31180012057984685,February-January
111.43495505023816,-33.85898055751778,256.7288906579941,0.3317549378189404,March-January
225.8838797814209,79.39392776495731,372.37383179788446,3.5637784710496057e-5,April-January
299.1768905341096,153.88295492635365,444.47082614186553,2.31590058241693e-9,May-January
234.85054644808827,88.36059443162469,381.34049846455184,1.28500519019914e-5,June-January
625.4833421470129,480.18940653925694,770.7772777547689,1.5793411023423687e-10,July-January
774.0801163405614,628.7861807328054,919.3740519483174,1.5793411023423687e-10,August-January
174.85054644808736,28.36059443162378,321.34049846455093,0.005615268781100413,September-January
180.80592279217535,3.0992058503471753,358.5126397340035,0.04193281290747375,October-January
91.60054644808753,-88.05922612505469,271.26031902122975,0.8800983951662154,November-January
87.03172924378418,-90.67498769804399,264.73844618561236,0.9064244025795469,December-January
-4.407258064514849,-152.93474731786176,144.12023118883207,1,March-February
110.04166666666788,-39.656006599479326,259.7393399328151,0.3997233850258769,April-February
183.33467741935658,34.80718816600967,331.8621666727035,0.0033334971764873433,May-February
119.00833333333526,-30.689339932811947,268.70600659948246,0.2773445271935988,June-February
509.64112903225987,361.11363977891295,658.1686182856067,1.5797141372786427e-10,July-February
658.2379032258084,509.7104139724615,806.7653924791553,1.5793411023423687e-10,August-February
59.00833333333435,-90.68933993281286,208.70600659948155,0.9798506065946813,September-February
64.96370967742234,-115.39638731122812,245.3238066660728,0.9902137489973302,October-February
-24.24166666666548,-206.52639235849506,158.0430590251641,0.9999994107355366,November-February
-28.810483870968824,-209.1705808596193,151.54961311768164,0.9999959571309021,December-February
114.44892473118273,-31.454047689188798,260.3518971515542,0.2972251015222116,April-March
187.74193548387143,43.039830994321534,332.44403997342135,0.001430301391481037,May-March
123.41559139785011,-22.48738102252142,269.3185638182216,0.1933715781244565,June-March
514.0483870967747,369.3462826072248,658.7504915863246,1.5794165975080432e-10,July-March
662.6451612903232,517.9430568007733,807.3472657798732,1.5793411023423687e-10,August-March
63.4155913978492,-82.48738102252233,209.31856381822072,0.9581970798287957,September-March
69.37096774193719,-107.85219261120889,246.59412809508328,0.98091913424371,October-March
-19.83440860215063,-199.01589537002823,159.34707816572697,0.9999999166144807,November-March
-24.403225806453975,-201.62638615960006,152.8199345466921,0.9999991485221142,December-March
73.2930107526887,-72.60996166768282,219.19598317306023,0.8904204893428385,May-April
8.966666666667379,-138.12737018899438,156.06070352232913,0.9999999998699429,June-April
399.599462365592,253.69648994522046,545.5024347859635,1.580474640050511e-10,July-April
548.1962365591405,402.293264138769,694.099208979512,1.579343322788418e-10,August-April
-51.03333333333353,-198.1273701889953,96.06070352232823,0.9928384045779697,September-April
-45.077956989245536,-223.2829706194799,133.12705664098883,0.999589433815359,October-April
-134.28333333333336,-314.4360005845905,45.86933391792374,0.3771367586519869,November-April
-138.8521505376367,-317.05716416787106,39.35286309259766,0.30738599029806224,December-April
-64.32634408602132,-210.22931650639285,81.5766283343502,0.9537327451074509,June-May
326.3064516129033,181.6043471233534,471.0085561024532,1.8759416242630778e-10,July-May
474.9032258064518,330.2011213169019,619.6053302960017,1.5803169883810142e-10,August-May
-124.32634408602223,-270.22931650639373,21.576628334349294,0.18443481929649197,September-May
-118.37096774193424,-295.59412809508035,58.85219261121185,0.5567326345729271,October-May
-207.57634408602206,-386.7578308538997,-28.39485731814446,0.008660258281835365,November-May
-212.1451612903254,-389.3683216434715,-34.92200093717932,0.0053769319383150105,December-May
390.6327956989246,244.72982327855308,536.5357681192961,1.580453545813043e-10,July-June
539.2295698924731,393.32659747210164,685.1325423128446,1.5793477636805164e-10,August-June
-60.00000000000091,-207.09403685566267,87.09403685566085,0.9738116204391436,September-June
-54.044623655912915,-232.24963728614728,124.16038997432145,0.9977831610945902,October-June
-143.25000000000074,-323.40266725125787,36.90266725125636,0.2770356858212555,November-June
-147.81881720430408,-326.02383083453844,30.38619642593028,0.21825555831677157,December-June
148.59677419354853,3.8946697039986304,293.29887868309845,0.038039956694882804,August-July
-450.6327956989255,-596.535768119297,-304.729823278554,1.5804946240649542e-10,September-July
-444.6774193548375,-621.9005797079836,-267.4542590016914,1.5813528264629895e-10,October-July
-533.8827956989253,-713.0642824668029,-354.7013089310477,1.5805023956261266e-10,November-July
-538.4516129032287,-715.6747732563748,-361.2284525500826,1.5804491049209446e-10,December-July
-599.229569892474,-745.1325423128455,-453.32659747210255,1.5793411023423687e-10,September-August
-593.274193548386,-770.4973539015322,-416.05103319523994,1.5800938335530645e-10,October-August
-682.4795698924738,-861.6610566603514,-503.29808312459625,1.5793411023423687e-10,November-August
-687.0483870967772,-864.2715474499233,-509.8252267436311,1.5793411023423687e-10,December-August
5.955376344087995,-172.24963728614637,184.16038997432236,1,October-September
-83.24999999999983,-263.40266725125696,96.90266725125727,0.9359780235061141,November-September
-87.81881720430317,-266.02383083453753,90.38619642593119,0.902699273914314,December-September
-89.20537634408782,-295.5433387315249,117.13258604334925,0.9597701793748619,November-October
-93.77419354839117,-298.41387222144135,110.86548512465905,0.9395212281630845,December-October
-4.568817204303343,-210.90677959174042,201.76914518313373,1,December-November
