month,mean_demand,median_demand,sd_demand,n
January,355.4807692307692,314,124.94932155181726,52
February,488.6875,420,215.93617617446841,48
March,450.82456140350877,409,168.93459457170923,57
April,537.8813559322034,488,213.56450085563367,59
May,655.0350877192982,510,320.4652847764749,57
June,537.8833333333333,440.5,221.7820041045548,60
July,928.516129032258,892.5,281.50670387355535,62
August,1077.1129032258063,1046,288.2711101472561,62
September,494.36206896551727,446.5,173.67399367739205,58
October,483.83870967741933,463,190.74242610987093,31
November,422.82142857142856,372.5,154.44525664968575,28
December,465.0769230769231,424,194.22294881438148,26
