date,daily_demand,day_of_week,week_of_year,month,year,is_weekend,time_index,prev_day_demand,prev_week_demand,rolling_7_day_avg_demand,cooks_distance,observation
2021-05-17,0,Monday,20,May,2021,No,136,1400,463,931.4285714285714,0.11478071121668229,129
2022-01-01,0,Saturday,52,January,2022,Yes,365,908,647,608.7142857142857,0.09654815999044415,358
2022-01-02,881,Sunday,52,January,2022,Yes,366,0,734,516.2857142857143,0.048750811287788916,359
2021-05-20,0,Thursday,20,May,2021,No,139,0,1048,708.1428571428571,0.045106392592213405,132
2021-12-24,1006,Friday,51,December,2021,No,357,448,396,435.8571428571428,0.03654450459696362,350
2021-05-24,1000,Monday,21,May,2021,No,143,1296,0,351,0.03415018961604947,136
2022-04-18,1096,Monday,16,April,2022,No,472,835,440,548.7142857142857,0.03088040315520127,465
2022-05-26,1094,Thursday,21,May,2022,No,510,529,366,485.2857142857143,0.025863501421217842,503
2021-05-18,0,Tuesday,20,May,2021,No,137,0,453,865.2857142857143,0.025228810847247384,130
2021-11-01,927,Monday,44,November,2021,No,304,1072,465,630.5714285714286,0.02512870013826634,297
2021-07-14,1130,Wednesday,28,July,2021,No,194,845,563,852.2857142857143,0.02290125633774917,187
2021-05-14,1210,Friday,19,May,2021,No,133,1048,521,706.2857142857143,0.022038052619991717,126
2021-12-31,908,Friday,52,December,2021,No,364,489,1006,622.7142857142857,0.018417343440238196,357
2022-05-27,1135,Friday,21,May,2022,No,511,1094,420,589.2857142857143,0.018325445502204177,504
2021-05-13,1048,Thursday,19,May,2021,No,132,647,428,617.7142857142857,0.015513639074868241,125
2021-04-04,1320,Sunday,13,April,2021,Yes,93,748,727,459.7142857142857,0.015288953701255336,86
2021-05-23,1296,Sunday,20,May,2021,Yes,142,798,1400,365.8571428571428,0.014138120120114919,135
2021-03-04,594,Thursday,9,March,2021,No,62,0,584,659.4285714285714,0.012075416903931255,55
2021-08-11,1178,Wednesday,32,August,2021,No,222,1040,907,1111.428571428571,0.011492008044590558,215
2021-05-15,1299,Saturday,19,May,2021,Yes,134,1210,807,804.7142857142857,0.011369658333240036,127
2022-04-16,964,Saturday,15,April,2022,Yes,470,512,422,444.1428571428572,0.010832520010390293,463
2021-02-25,584,Thursday,8,February,2021,No,55,0,291,457.2857142857143,0.010369208092522592,48
2021-12-06,0,Monday,49,December,2021,No,339,582,284,290,0.010279399684821092,332
2021-02-28,1281,Sunday,8,February,2021,Yes,58,913,852,601,0.010158517461022427,51
2021-11-07,567,Sunday,44,November,2021,Yes,310,579,1072,661.7142857142857,0.010093602279992888,303
2021-05-19,0,Wednesday,20,May,2021,No,138,0,647,800.5714285714286,0.00994804269698141,131
2022-05-04,0,Wednesday,18,May,2022,No,488,411,455,583.7142857142857,0.009817686116873201,481
2021-05-31,426,Monday,22,May,2021,No,150,965,1000,621.2857142857143,0.009296109466937683,143
2021-03-03,0,Wednesday,9,March,2021,No,61,581,0,659.4285714285714,0.009289203287753123,54
2021-02-24,0,Wednesday,8,February,2021,No,54,595,0,457.2857142857143,0.008828435538537086,47
2021-04-07,0,Wednesday,14,April,2021,No,96,498,0,594.4285714285714,0.008523991275933741,89
