Term,Estimate,Std. Error,t value,Pr(>|t|)
(Intercept),-139.43327124380187,34.73026595295511,-4.014748157491085,6.895516071855974e-5
prev_week_demand,0.24233297631854603,0.03802534435974227,6.372933116027368,4.3259304706550305e-10
prev_day_demand,0.48622010455494225,0.0381064911408514,12.759508682070663,2.4079129533646828e-32
day_of_weekTuesday,154.28424393806867,27.27024178650071,5.657604547329035,2.6303380105216367e-8
day_of_weekWednesday,68.82703220130004,28.344206259319108,2.428257527185855,0.015534966765809705
day_of_weekThursday,265.86455664393014,31.463547636290265,8.449923057541044,3.4404245595480156e-16
day_of_weekFriday,210.63575221244753,27.597408833728483,7.632446708366935,1.2361179378946934e-13
day_of_weekSaturday,293.0720487289968,27.99521952308124,10.468646208948904,2.955696093655165e-23
day_of_weekSunday,397.4557516279428,29.144939725161624,13.637213024832862,4.591141537995424e-36
monthFebruary,78.64577697191672,26.805116339250812,2.9339837953531083,0.003505303240412671
monthMarch,39.969990024999774,26.841142060849442,1.4891314957607598,0.1371040399416408
monthApril,96.45662398384856,27.926699844048713,3.4539213198298415,6.010309544830453e-4
monthMay,106.77886421255909,29.13859169365297,3.664516986104647,2.751917743586559e-4
monthJune,98.49662869739214,33.936325884550364,2.90239518068257,0.0038721472912204404
monthJuly,217.6877542933212,41.69817316106547,5.220558547072781,2.6528001346912104e-7
monthAugust,214.87131574643763,50.183440382401805,4.281717516955815,2.237200384234046e-5
monthSeptember,55.37718010968386,34.17616959569035,1.620344841590059,0.10580952522920908
monthOctober,83.85394501557556,32.04694365321602,2.616597261909578,0.009158797344171032
monthNovember,25.14785094177111,32.33686537449091,0.7776836329228469,0.43713550763897346
monthDecember,74.49827512562442,31.48930587857454,2.3658277960427627,0.018382927075643454
