Term,Coefficient
(Intercept),-8.516067036532718
day_of_weekTuesday,38.54150680233069
day_of_weekWednesday,-51.06175212976293
day_of_weekThursday,112.00578914188793
day_of_weekFriday,89.48509101187054
day_of_weekSaturday,173.3742266499947
day_of_weekSunday,298.49755600952597
monthFebruary,48.95724302897671
monthMarch,3.353170168981809
monthApril,60.506449760195466
monthMay,69.58304461633062
monthJune,59.62118500566676
monthJuly,174.4952362787319
monthAugust,157.648536641305
monthSeptember,14.19787073014729
monthOctober,51.17608851927076
monthNovember,-13.621731271304796
monthDecember,44.54392107923483
prev_day_demand,0.30472178081279416
prev_week_demand,0.22496503994983055
rolling_7_day_avg_demand,0.21265883466257146
