date,daily_demand,day_of_week,week_of_year,month,year,is_weekend,time_index,prev_day_demand,prev_week_demand,rolling_7_day_avg_demand,fitted_demand,residual
2021-01-09,392,Saturday,1,January,2021,Yes,8,324,574,342.7142857142857,450.7318073281964,-58.731807328196396
2021-01-10,474,Sunday,1,January,2021,Yes,9,392,565,316.7142857142857,585.0165156851608,-111.01651568516081
2021-01-11,292,Monday,2,January,2021,No,10,474,315,303.7142857142857,166.96465930266774,125.03534069733226
2021-01-12,256,Tuesday,2,January,2021,No,11,292,311,300.42857142857144,232.80695329322018,23.193046706779825
2021-01-13,0,Wednesday,2,January,2021,No,12,256,0,292.57142857142856,53.928759761384704,-53.928759761384704
2021-01-14,286,Thursday,2,January,2021,No,13,0,310,292.57142857142856,201.75380323056865,84.24619676943135
2021-01-15,322,Friday,2,January,2021,No,14,286,324,289.14285714285717,289.4224218349831,32.57757816501692
2021-01-16,379,Saturday,2,January,2021,Yes,15,322,392,288.85714285714283,405.5478283659043,-26.54782836590431
2021-01-17,509,Sunday,2,January,2021,Yes,16,379,474,287,556.5755280129824,-47.57552801298243
2021-01-18,286,Monday,3,January,2021,No,17,509,292,292,178.60605903916806,107.39394096083194
2021-01-19,289,Tuesday,3,January,2021,No,18,286,256,291.14285714285717,216.4163426461682,72.5836573538318
2021-01-20,0,Wednesday,3,January,2021,No,19,289,0,295.85714285714283,70.06987781567558,-70.06987781567558
2021-01-21,266,Thursday,3,January,2021,No,20,0,286,295.85714285714283,195.7909656745655,70.20903432543449
2021-01-22,324,Friday,3,January,2021,No,21,266,322,293,279.07119175289984,44.928808247100164
2021-01-23,369,Saturday,3,January,2021,Yes,22,324,379,293.2857142857143,403.2646428894314,-34.2646428894314
2021-01-24,487,Sunday,3,January,2021,Yes,23,369,509,291.85714285714283,560.2429279478281,-73.2429279478281
2021-01-25,307,Monday,4,January,2021,No,24,487,286,288.7142857142857,166.37930103618075,140.62069896381925
2021-01-26,326,Tuesday,4,January,2021,No,25,307,289,291.7142857142857,234.8482299920306,91.15177000796939
2021-01-27,0,Wednesday,4,January,2021,No,26,326,0,297,88.20023810090802,-88.20023810090802
2021-01-28,275,Thursday,4,January,2021,No,27,0,266,297,190.842489441514,84.157510558486
2021-01-29,308,Friday,4,January,2021,No,28,275,324,298.2857142857143,283.9101285926725,24.089871407327507
2021-01-30,410,Saturday,4,January,2021,Yes,29,308,369,296,392.91626968759914,17.08373031240086
2021-01-31,547,Sunday,4,January,2021,Yes,30,410,487,301.85714285714283,574.7936673235797,-27.79366732357971
2021-02-01,241,Monday,5,February,2021,No,31,547,307,310.42857142857144,279.53524916919895,-38.53524916919895
2021-02-02,267,Tuesday,5,February,2021,No,32,241,326,301,290.3199487490992,-23.319948749099183
2021-02-03,0,Wednesday,5,February,2021,No,33,267,0,292.57142857142856,138.15408530968503,-138.15408530968503
2021-02-04,317,Thursday,5,February,2021,No,34,0,275,292.57142857142856,271.9505807820484,45.049419217951595
2021-02-05,370,Friday,5,February,2021,No,35,317,308,298.57142857142856,379.38741233695714,-9.38741233695714
2021-02-06,429,Saturday,5,February,2021,Yes,36,370,410,307.42857142857144,512.1193176552057,-83.11931765520569
2021-02-07,556,Sunday,5,February,2021,Yes,37,429,547,310.14285714285717,677.6367418127513,-121.63674181275132
2021-02-08,310,Monday,6,February,2021,No,38,556,241,311.42857142857144,267.6546578290387,42.34534217096132
2021-02-09,334,Tuesday,6,February,2021,No,39,310,267,321.2857142857143,309.3421327414483,24.657867258551676
2021-02-10,0,Wednesday,6,February,2021,No,40,334,0,330.85714285714283,170.51808221972922,-170.51808221972922
2021-02-11,260,Thursday,6,February,2021,No,41,0,317,330.85714285714283,281.81813471160484,-21.81813471160484
2021-02-12,291,Friday,6,February,2021,No,42,260,370,322.7142857142857,366.41770987021675,-75.41770987021675
2021-02-13,416,Saturday,6,February,2021,Yes,43,291,429,311.42857142857144,478.01262801538724,-62.012628015387236
2021-02-14,710,Sunday,6,February,2021,Yes,44,416,556,309.57142857142856,673.4889918261821,36.51100817381791
2021-02-15,329,Monday,7,February,2021,No,45,710,310,331.57142857142856,359.9393416826542,-30.939341682654174
2021-02-16,322,Tuesday,7,February,2021,No,46,329,334,334.2857142857143,335.0204345600142,-13.020434560014223
2021-02-17,0,Wednesday,7,February,2021,No,47,322,0,332.57142857142856,164.61110034177503,-164.61110034177503
2021-02-18,291,Thursday,7,February,2021,No,48,0,260,332.57142857142856,267.7348575686384,23.265142431361596
2021-02-19,422,Friday,7,February,2021,No,49,291,291,337,361.9479611889807,60.052038811019315
2021-02-20,491,Saturday,7,February,2021,Yes,50,422,416,355.7142857142857,538.4784709248872,-47.47847092488723
2021-02-21,852,Sunday,7,February,2021,Yes,51,491,710,366.42857142857144,747.5268295569911,104.47317044300894
2021-02-22,550,Monday,8,February,2021,No,52,852,329,386.7142857142857,433.5537729069774,116.44622709302263
2021-02-23,595,Tuesday,8,February,2021,No,53,550,322,418.2857142857143,439.35793234163316,155.64206765836684
2021-02-24,0,Wednesday,8,February,2021,No,54,595,0,457.2857142857143,296.8854363124591,-296.8854363124591
2021-02-25,584,Thursday,8,February,2021,No,55,0,291,457.2857142857143,273.77519393937393,310.22480606062607
2021-02-26,713,Friday,8,February,2021,No,56,584,422,499.1428571428572,535.8642388253884,177.13576117461162
2021-02-27,913,Saturday,8,February,2021,Yes,57,713,491,540.7142857142857,697.3049121625331,215.69508783746687
2021-02-28,1281,Sunday,8,February,2021,Yes,58,913,852,601,986.4860067507047,294.51399324929525
2021-03-01,544,Monday,9,March,2021,No,59,1281,550,662.2857142857143,656.6668456858546,-112.66684568585458
2021-03-02,581,Tuesday,9,March,2021,No,60,544,595,661.4285714285714,462.3892404110567,118.61075958894332
2021-03-03,0,Wednesday,9,March,2021,No,61,581,0,659.4285714285714,249.17608782665837,-249.17608782665837
2021-03-04,594,Thursday,9,March,2021,No,62,0,584,659.4285714285714,305.2109944674818,288.7890055325182
2021-03-05,628,Friday,9,March,2021,No,63,594,713,660.8571428571429,572.2316745167145,55.76832548328548
2021-03-06,724,Saturday,9,March,2021,Yes,64,628,913,648.7142857142857,720.0917994194144,3.9082005805855715
2021-03-07,865,Sunday,9,March,2021,Yes,65,724,1281,621.7142857142857,961.1220012969067,-96.12200129690666
2021-03-08,395,Monday,10,March,2021,No,66,865,544,562.2857142857143,452.46562804537865,-57.46562804537865
2021-03-09,434,Tuesday,10,March,2021,No,67,395,581,541,387.4166162243763,46.5833837756237
2021-03-10,0,Wednesday,10,March,2021,No,68,434,0,520,178.88272427928084,-178.88272427928084
2021-03-11,437,Thursday,10,March,2021,No,69,0,594,520,309.47444349473767,127.52555650526233
2021-03-12,494,Friday,10,March,2021,No,70,437,628,497.57142857142856,476.3732007453507,17.626799254649313
2021-03-13,641,Saturday,10,March,2021,Yes,71,494,724,478.42857142857144,609.9473993351479,31.052600664852093
2021-03-14,862,Sunday,10,March,2021,Yes,72,641,865,466.57142857142856,819.795211168677,42.20478883132296
2021-03-15,413,Monday,11,March,2021,No,73,862,395,466.1428571428572,415.4767917856781,-2.476791785678074
2021-03-16,473,Tuesday,11,March,2021,No,74,413,434,468.7142857142857,360.912311903263,112.087688096737
2021-03-17,0,Wednesday,11,March,2021,No,75,473,0,474.2857142857143,198.59766668501388,-198.59766668501388
2021-03-18,319,Thursday,11,March,2021,No,76,0,437,474.2857142857143,271.33354491778067,47.66645508221933
2021-03-19,397,Friday,11,March,2021,No,77,319,494,457.42857142857144,385.96621252373075,11.033787476269254
2021-03-20,623,Saturday,11,March,2021,Yes,78,397,641,443.57142857142856,542.3519288401127,80.64807115988731
2021-03-21,757,Sunday,11,March,2021,Yes,79,623,862,441,810.5573039564039,-53.55730395640387
2021-03-22,398,Monday,12,March,2021,No,80,757,413,426,368.9416058079593,29.05839419204068
2021-03-23,346,Tuesday,12,March,2021,No,81,398,473,423.8571428571428,363.75500487634355,-17.75500487634355
2021-03-24,0,Wednesday,12,March,2021,No,82,346,0,405.7142857142857,137.1994449198885,-137.1994449198885
2021-03-25,403,Thursday,12,March,2021,No,83,0,319,405.7142857142857,243.10797957913167,159.89202042086833
2021-03-26,473,Friday,12,March,2021,No,84,403,397,417.7142857142857,403.7435029967421,69.25649700325789
2021-03-27,467,Saturday,12,March,2021,Yes,85,473,623,428.57142857142856,575.3758206785707,-108.37582067857068
2021-03-28,727,Sunday,12,March,2021,Yes,86,467,757,406.2857142857143,708.5988109363839,18.40118906361613
2021-03-29,392,Monday,13,March,2021,No,87,727,398,402,350.83830733930256,41.16169266069744
2021-03-30,466,Tuesday,13,March,2021,No,88,392,346,401.1428571428572,329.7759241317029,136.22407586829712
2021-03-31,0,Wednesday,13,March,2021,No,89,466,0,418.2857142857143,195.88638729055015,-195.88638729055015
2021-04-01,365,Thursday,13,April,2021,No,90,0,403,418.2857142857143,320.3714877619467,44.628512238053304
2021-04-02,520,Friday,13,April,2021,No,91,365,473,412.8571428571428,460.6225887936288,59.37741120637122
2021-04-03,748,Saturday,13,April,2021,Yes,92,520,467,419.57142857142856,616.7614434799093,131.2385565200907
2021-04-04,1320,Sunday,13,April,2021,Yes,93,748,727,459.7142857142857,895.0180621579466,424.9819378420534
2021-04-05,710,Monday,14,April,2021,No,94,1320,392,544.4285714285714,695.0384845604688,14.96151543953124
2021-04-06,498,Tuesday,14,April,2021,No,95,710,466,589.8571428571429,569.6001961725784,-71.60019617257842
2021-04-07,0,Wednesday,14,April,2021,No,96,498,0,594.4285714285714,266.0135311714301,-266.0135311714301
2021-04-08,444,Thursday,14,April,2021,No,97,0,365,594.4285714285714,308.72771517523205,135.27228482476795
2021-04-09,411,Friday,14,April,2021,No,98,444,520,605.7142857142857,508.4740979417875,-97.47409794178748
2021-04-10,576,Saturday,14,April,2021,Yes,99,411,748,590.1428571428571,630.4283327590505,-54.42833275905048
2021-04-11,747,Sunday,14,April,2021,Yes,100,576,1320,565.5714285714286,955.5896279824416,-208.58962798244158
2021-04-12,491,Monday,15,April,2021,No,101,747,710,483.7142857142857,493.2637988054678,-2.2637988054677862
2021-04-13,507,Tuesday,15,April,2021,No,102,491,498,452.42857142857144,471.86570531921086,35.13429468078914
2021-04-14,371,Wednesday,15,April,2021,No,103,507,0,453.7142857142857,272.24034149848893,98.75965850151107
2021-04-15,431,Thursday,15,April,2021,No,104,371,444,506.7142857142857,511.2875209881009,-80.28752098810088
2021-04-16,543,Friday,15,April,2021,No,105,431,411,504.8571428571428,476.5094295529706,66.49057044702943
2021-04-17,641,Saturday,15,April,2021,Yes,106,543,576,523.7142857142857,653.587851952151,-12.587851952151027
2021-04-18,999,Sunday,15,April,2021,Yes,107,641,747,533,846.5338786654103,152.46612133458973
2021-04-19,445,Monday,16,April,2021,No,108,999,491,569,561.7230549438539,-116.72305494385387
2021-04-20,585,Tuesday,16,April,2021,No,109,445,507,562.4285714285714,450.1097579616307,134.8902420383693
2021-04-21,421,Wednesday,16,April,2021,No,110,585,371,573.5714285714286,400.46882068396366,20.531179316036344
2021-04-22,595,Thursday,16,April,2021,No,111,421,431,580.7142857142857,531.6474607217569,63.35253927824306
2021-04-23,507,Friday,16,April,2021,No,112,595,543,604.1428571428571,588.2197273807609,-81.2197273807609
2021-04-24,708,Saturday,16,April,2021,Yes,113,507,641,599,650.9977853094017,57.002214690598294
2021-04-25,961,Sunday,16,April,2021,Yes,114,708,999,608.5714285714286,940.5826920506872,20.41730794931277
2021-04-26,432,Monday,17,April,2021,No,115,961,445,603.1428571428571,531.2999956853637,-99.29999568536368
2021-04-27,380,Tuesday,17,April,2021,No,116,432,585,601.2857142857143,462.47539868228085,-82.47539868228085
2021-04-28,399,Wednesday,17,April,2021,No,117,380,421,572,312.2898582368324,86.7101417631676
2021-04-29,428,Thursday,17,April,2021,No,118,399,595,568.8571428571429,561.4680246839813,-133.4680246839813
2021-04-30,442,Friday,17,April,2021,No,119,428,507,545,498.2029560801591,-56.20295608015908
2021-05-01,671,Saturday,17,May,2021,Yes,120,442,708,535.7142857142857,646.9276455364443,24.072354463555712
2021-05-02,867,Sunday,17,May,2021,Yes,121,671,961,530.4285714285714,924.5332185013971,-57.53321850139707
2021-05-03,490,Monday,18,May,2021,No,122,867,432,517,493.56755095957993,-3.5675509595799326
2021-05-04,431,Tuesday,18,May,2021,No,123,490,380,525.2857142857143,451.7902346358934,-20.7902346358934
2021-05-05,503,Wednesday,18,May,2021,No,124,431,399,532.5714285714286,342.84442201068794,160.15557798931206
2021-05-06,428,Thursday,18,May,2021,No,125,503,428,547.4285714285714,582.0125747413197,-154.01257474131967
2021-05-07,521,Friday,18,May,2021,No,126,428,442,547.4285714285714,492.5998219297431,28.400178070256914
2021-05-08,807,Saturday,18,May,2021,Yes,127,521,671,558.7142857142857,676.2460578591391,130.7539421408609
2021-05-09,1005,Sunday,18,May,2021,Yes,128,807,867,578.1428571428571,967.4252336728696,37.57476632713042
2021-05-10,463,Monday,19,May,2021,No,129,1005,490,597.8571428571429,574.5098288023935,-111.50982880239349
2021-05-11,453,Tuesday,19,May,2021,No,130,463,431,594,450.24488707221565,2.755112927784353
2021-05-12,647,Wednesday,19,May,2021,No,131,453,503,597.1428571428571,378.4568734852533,268.5431265147467
2021-05-13,1048,Thursday,19,May,2021,No,132,647,428,617.7142857142857,651.7256390265394,396.2743609734606
2021-05-14,1210,Friday,19,May,2021,No,133,1048,521,706.2857142857143,814.0940165777628,395.9059834222372
2021-05-15,1299,Saturday,19,May,2021,Yes,134,1210,807,804.7142857142857,1044.5167158400138,254.48328415998617
2021-05-16,1400,Sunday,19,May,2021,Yes,135,1299,1005,875,1238.9236346165042,161.07636538349584
2021-05-17,0,Monday,20,May,2021,No,136,1400,463,931.4285714285714,757.2621666251073,-757.2621666251073
2021-05-18,0,Tuesday,20,May,2021,No,137,0,453,865.2857142857143,225.11764169735852,-225.11764169735852
2021-05-19,0,Wednesday,20,May,2021,No,138,0,647,800.5714285714286,189.20393899845968,-189.20393899845968
2021-05-20,0,Thursday,20,May,2021,No,139,0,1048,708.1428571428571,486.21289337144725,-486.21289337144725
2021-05-21,363,Friday,20,May,2021,No,140,0,1210,558.4285714285714,472.019580567988,-109.01958056798799
2021-05-22,798,Saturday,20,May,2021,Yes,141,363,1299,437.42857142857144,755.2441905196229,42.75580948037714
2021-05-23,1296,Sunday,20,May,2021,Yes,142,798,1400,365.8571428571428,1097.2313647449528,198.76863525504723
2021-05-24,1000,Monday,21,May,2021,No,143,1296,0,351,599.5224195931265,400.47758040687347
2021-05-25,484,Tuesday,21,May,2021,No,144,1000,0,493.8571428571428,608.5618922496926,-124.56189224969262
2021-05-26,335,Wednesday,21,May,2021,No,145,484,0,563,270.0156351131168,64.98436488688321
2021-05-27,409,Thursday,21,May,2021,No,146,335,0,610.8571428571429,393.2245262566454,15.77547374335461
2021-05-28,475,Friday,21,May,2021,No,147,409,363,669.2857142857143,462.2236001250936,12.776399874906417
2021-05-29,681,Saturday,21,May,2021,Yes,148,475,798,685.2857142857143,683.385709555749,-2.385709555749031
2021-05-30,965,Sunday,21,May,2021,Yes,149,681,1296,668.5714285714286,1010.2976048693325,-45.29760486933253
2021-05-31,426,Monday,22,May,2021,No,150,965,1000,621.2857142857143,680.4022665072531,-254.4022665072531
2021-06-01,414,Tuesday,22,June,2021,No,151,426,484,539.2857142857143,437.66354270433254,-23.663542704332542
2021-06-02,356,Wednesday,22,June,2021,No,152,414,335,529.2857142857143,310.5461229210488,45.45387707895122
2021-06-03,361,Thursday,22,June,2021,No,153,356,409,532.2857142857143,497.21499013153436,-136.21499013153436
2021-06-04,531,Friday,22,June,2021,No,154,361,475,525.4285714285714,459.95096300846046,71.04903699153954
2021-06-05,664,Saturday,22,June,2021,Yes,155,531,681,533.4285714285714,675.7271192986536,-11.727119298653633
2021-06-06,997,Sunday,22,June,2021,Yes,156,664,965,531,913.8640472262255,83.13595277377453
2021-06-07,415,Monday,23,June,2021,No,157,997,426,535.5714285714286,547.3854299153918,-132.3854299153918
2021-06-08,459,Tuesday,23,June,2021,No,158,415,414,534,415.0690396499262,43.9309603500738
2021-06-09,401,Wednesday,23,June,2021,No,159,459,356,540.4285714285714,337.6513301997787,63.34866980022127
2021-06-10,400,Thursday,23,June,2021,No,160,401,361,546.8571428571429,507.25458111331346,-107.25458111331346
2021-06-11,461,Friday,23,June,2021,No,161,400,531,552.4285714285714,492.54346327212664,-31.543463272126644
2021-06-12,838,Saturday,23,June,2021,Yes,162,461,664,542.4285714285714,637.0889225896213,200.91107741037865
2021-06-13,1060,Sunday,23,June,2021,Yes,163,838,997,567.2857142857143,1006.6214429629318,53.37855703706816
2021-06-14,478,Monday,24,June,2021,No,164,1060,415,576.2857142857143,575.0429404710338,-97.04294047103383
2021-06-15,452,Tuesday,24,June,2021,No,165,478,459,585.2857142857143,456.4048351686121,-4.404835168612124
2021-06-16,436,Wednesday,24,June,2021,No,166,452,401,584.2857142857143,344.7543031702226,91.24569682977739
2021-06-17,377,Thursday,24,June,2021,No,167,436,400,589.2857142857143,533.4929615284948,-156.4929615284948
2021-06-18,439,Friday,24,June,2021,No,168,377,461,586,463.56338282866545,-24.563382828665453
2021-06-19,653,Saturday,24,June,2021,Yes,169,439,838,582.8571428571429,668.7026464410359,-15.702646441035881
2021-06-20,1005,Sunday,24,June,2021,Yes,170,653,1060,556.4285714285714,931.5772217921121,73.42277820788786
2021-06-21,499,Monday,25,June,2021,No,171,1005,478,548.5714285714286,563.9689339544624,-64.96893395446239
2021-06-22,442,Tuesday,25,June,2021,No,172,499,452,551.5714285714286,465.41100255160916,-23.411002551609158
2021-06-23,385,Wednesday,25,June,2021,No,173,442,436,550.1428571428571,348.92422839172383,36.07577160827617
2021-06-24,513,Thursday,25,June,2021,No,174,385,377,542.8571428571429,503.4065985363954,9.593401463604607
2021-06-25,484,Friday,25,June,2021,No,175,513,439,562.2857142857143,525.1372747653952,-41.137274765395205
2021-06-26,662,Saturday,25,June,2021,Yes,176,484,653,568.7142857142857,645.3160395792565,16.68396042074346
2021-06-27,1087,Sunday,25,June,2021,Yes,177,662,1005,570,922.248206898493,164.75179310150702
2021-06-28,443,Monday,26,June,2021,No,178,1087,499,581.7142857142857,608.935751731422,-165.935751731422
2021-06-29,416,Tuesday,26,June,2021,No,179,443,442,573.7142857142857,435.19597756788204,-19.19597756788204
2021-06-30,426,Wednesday,26,June,2021,No,180,416,385,570,323.33669962984465,102.66330037015535
2021-07-01,552,Thursday,26,July,2021,No,181,426,513,575.8571428571429,677.1292146958094,-125.12921469580942
2021-07-02,454,Friday,26,July,2021,No,182,552,484,581.4285714285714,675.6090649009315,-221.60906490093146
2021-07-03,766,Saturday,26,July,2021,Yes,183,454,662,577.1428571428571,753.2070018084416,12.792998191558354
2021-07-04,980,Sunday,26,July,2021,Yes,184,766,1087,592,1113.6871228579091,-133.68712285790912
2021-07-05,583,Monday,27,July,2021,No,185,980,443,576.7142857142857,663.2036606235738,-80.2036606235738
2021-07-06,554,Tuesday,27,July,2021,No,186,583,416,596.7142857142857,617.6344356530758,-63.6344356530758
2021-07-07,563,Wednesday,27,July,2021,No,187,554,426,616.4285714285714,521.0205221449643,41.979477855035725
2021-07-08,602,Thursday,27,July,2021,No,188,563,552,636,753.1609311293372,-151.1609311293372
2021-07-09,692,Friday,27,July,2021,No,189,602,454,643.1428571428571,691.9336216189173,0.06637838108269989
2021-07-10,955,Saturday,27,July,2021,Yes,190,692,766,677.1428571428571,894.2910181740648,60.70898182593521
2021-07-11,1359,Sunday,27,July,2021,Yes,191,955,980,704.1428571428571,1178.533631358336,180.46636864166408
2021-07-12,950,Monday,28,July,2021,No,192,1359,583,758.2857142857143,881.2648490467152,68.7351509532848
2021-07-13,845,Tuesday,28,July,2021,No,193,950,554,810.7142857142857,828.8995055038897,16.100494496110286
2021-07-14,1130,Wednesday,28,July,2021,No,194,845,563,852.2857142857143,694.4862813565039,435.5137186434961
2021-07-15,977,Thursday,28,July,2021,No,195,1130,602,933.2857142857144,1039.725889200624,-62.7258892006239
2021-07-16,890,Friday,28,July,2021,No,196,977,692,986.8571428571428,930.119301674347,-40.11930167434696
2021-07-17,1247,Saturday,28,July,2021,Yes,197,890,955,1015.1428571428572,1033.660470673795,213.3395293262049
2021-07-18,1235,Sunday,28,July,2021,Yes,198,1247,1359,1056.857142857143,1410.6824408293746,-175.68244082937463
2021-07-19,978,Monday,29,July,2021,No,199,1235,950,1039.142857142857,907.3696876748234,70.63031232517665
2021-07-20,921,Tuesday,29,July,2021,No,200,978,845,1043.142857142857,911.4220843778475,9.577915622152545
2021-07-21,871,Wednesday,29,July,2021,No,201,921,1130,1054,869.0299463196521,1.9700536803478599
2021-07-22,895,Thursday,29,July,2021,No,202,871,977,1017,1004.1394210168214,-109.13942101682142
2021-07-23,947,Friday,29,July,2021,No,203,895,890,1005.2857142857144,938.5125373174561,8.487462682543878
2021-07-24,1192,Saturday,29,July,2021,Yes,204,947,1247,1013.4285714285714,1133.6685539285677,58.33144607143231
2021-07-25,1383,Sunday,29,July,2021,Yes,205,1192,1235,1005.5714285714286,1353.7815938551637,29.218406144836308
2021-07-26,1002,Monday,30,July,2021,No,206,1383,978,1026.7142857142858,987.0174286039355,14.982571396064486
2021-07-27,878,Tuesday,30,July,2021,No,207,1002,921,1030.142857142857,942.1076293412989,-64.10762934129889
2021-07-28,925,Wednesday,30,July,2021,No,208,878,871,1024,784.4369061899602,140.56309381003985
2021-07-29,890,Thursday,30,July,2021,No,209,925,895,1031.7142857142858,1010.2034655179554,-120.20346551795535
2021-07-30,956,Friday,30,July,2021,No,210,890,947,1031,949.7903513936756,6.209648606324436
2021-07-31,1102,Saturday,30,July,2021,Yes,211,956,1192,1032.2857142857142,1124.271431212215,-22.27143121221502
2021-08-01,1329,Sunday,30,August,2021,Yes,212,1102,1383,1019.4285714285714,1344.2229180732281,-15.22291807322813
2021-08-02,1044,Monday,31,August,2021,No,213,1329,1002,1011.7142857142856,964.8960119347638,79.1039880652362
2021-08-03,1159,Tuesday,31,August,2021,No,214,1044,878,1017.7142857142856,950.5041587436232,208.49584125637682
2021-08-04,907,Wednesday,31,August,2021,No,215,1159,925,1057.857142857143,933.3731698588375,-26.373169858837514
2021-08-05,1007,Thursday,31,August,2021,No,216,907,890,1055.2857142857142,998.0857865659985,8.914213434001454
2021-08-06,947,Friday,31,August,2021,No,217,1007,956,1072,1007.1067704656281,-60.106770465628074
2021-08-07,1185,Saturday,31,August,2021,Yes,218,947,1102,1070.7142857142858,1095.407545272959,89.59245472704106
2021-08-08,1483,Sunday,31,August,2021,Yes,219,1185,1329,1082.571428571429,1370.7920223602696,112.20797763973042
2021-08-09,1211,Monday,32,August,2021,No,220,1483,1044,1104.571428571429,1049.5831902444124,161.41680975558756
2021-08-10,1040,Tuesday,32,August,2021,No,221,1211,1159,1128.428571428571,1100.2948587468165,-60.294858746816544
2021-08-11,1178,Wednesday,32,August,2021,No,222,1040,907,1111.428571428571,869.8839918702947,308.1160081297053
2021-08-12,1279,Thursday,32,August,2021,No,223,1178,1007,1150.142857142857,1158.6264629931545,120.37353700684548
2021-08-13,1028,Friday,32,August,2021,No,224,1279,947,1189,1136.7699117068037,-108.76991170680367
2021-08-14,1349,Saturday,32,August,2021,Yes,225,1028,1185,1200.571428571429,1153.9323919049361,195.06760809506386
2021-08-15,1732,Sunday,32,August,2021,Yes,226,1349,1483,1224,1487.3864235972153,244.6135764027847
2021-08-16,1158,Monday,33,August,2021,No,227,1732,1211,1259.571428571429,1210.8943154042895,-52.8943154042895
2021-08-17,913,Tuesday,33,August,2021,No,228,1158,1040,1252,1043.35518439656,-130.35518439655993
2021-08-18,1090,Wednesday,33,August,2021,No,229,913,1178,1233.857142857143,872.8770001716907,217.12299982830928
2021-08-19,1048,Thursday,33,August,2021,No,230,1090,1279,1221.2857142857142,1181.652890537815,-133.65289053781498
2021-08-20,880,Friday,33,August,2021,No,231,1048,1028,1188.2857142857142,1043.476616400275,-163.4766164002749
2021-08-21,1246,Saturday,33,August,2021,Yes,232,880,1349,1167.142857142857,1122.2395344431598,123.76046555684024
2021-08-22,1365,Sunday,33,August,2021,Yes,233,1246,1732,1152.428571428571,1499.2218335378013,-134.22183353780133
2021-08-23,912,Monday,34,August,2021,No,234,1365,1158,1100,1019.8963574781493,-107.8963574781493
2021-08-24,913,Tuesday,34,August,2021,No,235,912,913,1064.857142857143,893.7969520772233,19.203047922776705
2021-08-25,796,Wednesday,34,August,2021,No,236,913,1090,1064.857142857143,853.3461087909672,-57.34610879096715
2021-08-26,966,Thursday,34,August,2021,No,237,796,1048,1022.8571428571428,983.045005076223,-17.045005076222992
2021-08-27,732,Friday,34,August,2021,No,238,966,880,1011.1428571428572,969.0359627247968,-237.03596272479683
2021-08-28,969,Saturday,34,August,2021,Yes,239,732,1246,990,1026.5329080576566,-57.53290805765664
2021-08-29,1167,Sunday,34,August,2021,Yes,240,969,1365,950.4285714285714,1275.447396941225,-108.44739694122495
2021-08-30,669,Monday,35,August,2021,No,241,1167,912,922.1428571428572,864.4022339054118,-195.40223390541178
2021-08-31,555,Tuesday,35,August,2021,No,242,669,913,887.4285714285714,776.9140857178214,-221.91408571782142
2021-09-01,477,Wednesday,35,September,2021,No,243,555,796,836.2857142857143,446.3074639338837,30.692536066116304
2021-09-02,500,Thursday,35,September,2021,No,244,477,966,790.7142857142857,647.4760330986184,-147.47603309861836
2021-09-03,579,Friday,35,September,2021,No,245,500,732,724.1428571428571,545.8025263189045,33.197473681095516
2021-09-04,799,Saturday,35,September,2021,Yes,246,579,969,702.2857142857143,724.9836084611974,74.01639153880262
2021-09-05,950,Sunday,35,September,2021,Yes,247,799,1167,678,984.8525186991792,-34.8525186991792
2021-09-06,478,Monday,36,September,2021,No,248,950,669,647,539.6922282821378,-61.69222828213776
2021-09-07,490,Tuesday,36,September,2021,No,249,478,555,619.7142857142857,436.48989842716406,53.510101572835936
2021-09-08,477,Wednesday,36,September,2021,No,250,490,477,610.4285714285714,338.6478738642862,138.35212613571377
2021-09-09,482,Thursday,36,September,2021,No,251,477,500,610.4285714285714,534.842682015742,-52.84268201574196
2021-09-10,470,Friday,36,September,2021,No,252,482,579,607.8571428571429,500.7303699749564,-30.730369974956375
2021-09-11,695,Saturday,36,September,2021,Yes,253,470,799,592.2857142857143,631.0096672004279,63.990332799572116
2021-09-12,934,Sunday,36,September,2021,Yes,254,695,950,577.4285714285714,881.6148134872731,52.38518651272693
2021-09-13,498,Monday,37,September,2021,No,255,934,478,575.1428571428571,485.654288139644,12.345711860356005
2021-09-14,386,Tuesday,37,September,2021,No,256,498,490,578,430.80086455213694,-44.80086455213694
2021-09-15,381,Wednesday,37,September,2021,No,257,386,477,563.1428571428571,288.254758027127,92.74524197287298
2021-09-16,378,Thursday,37,September,2021,No,258,381,482,549.4285714285714,484.1091650746141,-106.10916507461411
2021-09-17,392,Friday,37,September,2021,No,259,378,470,534.5714285714286,423.7833323111446,-31.78333231114459
2021-09-18,637,Saturday,37,September,2021,Yes,260,392,695,523.4285714285714,567.9896049644659,69.01039503553409
2021-09-19,728,Sunday,37,September,2021,Yes,261,637,934,515.1428571428571,850.0267323743918,-122.02673237439183
2021-09-20,473,Monday,38,September,2021,No,262,728,498,485.7142857142857,390.7163550876107,82.28364491238932
2021-09-21,443,Tuesday,38,September,2021,No,263,473,386,482.1428571428572,394.1203145444844,48.879685455515585
2021-09-22,74,Wednesday,38,September,2021,No,264,443,381,490.2857142857143,293.46478154474255,-219.46478154474255
2021-09-23,372,Thursday,38,September,2021,No,265,74,378,446.42857142857144,309.2256705876736,62.77432941232638
2021-09-24,449,Friday,38,September,2021,No,266,372,392,445.57142857142856,402.7460485110691,46.25395148893091
2021-09-25,661,Saturday,38,September,2021,Yes,267,449,637,453.7142857142857,582.5332573517526,78.46674264824742
2021-09-26,747,Sunday,38,September,2021,Yes,268,661,728,457.1428571428572,811.7262361427743,-64.72623614277427
2021-09-27,321,Monday,39,September,2021,No,269,747,473,459.8571428571428,394.2000904411699,-73.20009044116989
2021-09-28,322,Tuesday,39,September,2021,No,270,321,443,438.1428571428572,334.2064781140298,-12.206478114029778
2021-09-29,325,Wednesday,39,September,2021,No,271,322,74,420.8571428571428,159.28698488265042,165.71301511734958
2021-09-30,328,Thursday,39,September,2021,No,272,325,372,456.7142857142857,430.70535358474086,-102.70535358474086
2021-10-01,384,Friday,39,October,2021,No,273,328,449,450.42857142857144,423.1653611077814,-39.16536110778139
2021-10-02,463,Saturday,39,October,2021,Yes,274,384,661,441.1428571428572,584.7378913345635,-121.73789133456353
2021-10-03,636,Sunday,39,October,2021,Yes,275,463,747,412.8571428571428,747.8818503717769,-111.88185037177686
2021-10-04,360,Monday,40,October,2021,No,276,636,321,397,331.07691126173717,28.923088738262834
2021-10-05,314,Tuesday,40,October,2021,No,277,360,322,402.57142857142856,351.94018882555093,-37.94018882555093
2021-10-06,343,Wednesday,40,October,2021,No,278,314,325,401.42857142857144,245.53128098469446,97.46871901530554
2021-10-07,409,Thursday,40,October,2021,No,279,343,328,404,457.35633037371844,-48.356330373718436
2021-10-08,468,Friday,40,October,2021,No,280,409,384,415.57142857142856,447.3028431480858,20.6971568519142
2021-10-09,584,Saturday,40,October,2021,Yes,281,468,463,427.57142857142856,577.2628856003458,6.7371143996541605
2021-10-10,770,Sunday,40,October,2021,Yes,282,584,636,444.8571428571428,779.4265445068016,-9.426544506801633
2021-10-11,321,Monday,41,October,2021,No,283,770,360,464,405.5490483873167,-84.5490483873167
2021-10-12,241,Tuesday,41,October,2021,No,284,321,314,458.42857142857144,330.121052943318,-89.12105294331798
2021-10-13,286,Wednesday,41,October,2021,No,285,241,343,448,213.57180617539223,72.42819382460777
2021-10-14,301,Thursday,41,October,2021,No,286,286,409,439.8571428571428,448.92274895224375,-147.92274895224375
2021-10-15,340,Friday,41,October,2021,No,287,301,468,424.42857142857144,414.94643174968974,-74.94643174968974
2021-10-16,505,Saturday,41,October,2021,Yes,288,340,584,406.1428571428572,544.6159967634702,-39.61599676347021
2021-10-17,689,Sunday,41,October,2021,Yes,289,505,770,394.8571428571428,774.3847228596655,-85.38472285966554
2021-10-18,289,Monday,42,October,2021,No,290,689,321,383.2857142857143,357.2452335572298,-68.24523355722982
2021-10-19,366,Tuesday,42,October,2021,No,291,289,241,378.7142857142857,297.4469566353413,68.55304336465872
2021-10-20,315,Wednesday,42,October,2021,No,292,366,286,396.57142857142856,261.47425599666116,53.52574400333884
2021-10-21,380,Thursday,42,October,2021,No,293,315,301,400.7142857142857,437.00668821535703,-57.00668821535703
2021-10-22,378,Friday,42,October,2021,No,294,380,340,412,422.27278707106575,-44.27278707106575
2021-10-23,611,Saturday,42,October,2021,Yes,295,378,505,417.42857142857144,543.6177580385615,67.38224196143847
2021-10-24,832,Sunday,42,October,2021,Yes,296,611,689,432.57142857142856,805.9002961740914,26.09970382590859
2021-10-25,465,Monday,43,October,2021,No,297,832,289,453,418.5812527647285,46.418747235271496
2021-10-26,530,Tuesday,43,October,2021,No,298,465,366,478.1428571428572,413.31349398946685,116.68650601053315
2021-10-27,520,Wednesday,43,October,2021,No,299,530,315,501.57142857142856,347.7021101265951,172.29788987340493
2021-10-28,514,Thursday,43,October,2021,No,300,520,380,530.8571428571429,555.3516627950422,-41.351662795042216
2021-10-29,545,Friday,43,October,2021,No,301,514,378,550,495.5833829587904,49.41661704120958
2021-10-30,768,Saturday,43,October,2021,Yes,302,545,611,573.8571428571429,649.6491030111115,118.35089698888851
2021-10-31,1072,Sunday,43,October,2021,Yes,303,768,832,596.2857142857143,916.0611233198014,155.93887668019863
2021-11-01,927,Monday,44,November,2021,No,304,1072,465,630.5714285714286,518.7156142504268,408.2843857495732
2021-11-02,540,Tuesday,44,November,2021,No,305,927,530,696.5714285714286,618.831668088311,-78.83166808831095
2021-11-03,530,Wednesday,44,November,2021,No,306,540,520,698,341.95365045927156,188.04634954072844
2021-11-04,482,Thursday,44,November,2021,No,307,530,514,699.4285714285714,532.4473364895391,-50.44733648953911
2021-11-05,502,Friday,44,November,2021,No,308,482,545,694.8571428571429,460.52818434791504,41.471815652084956
2021-11-06,579,Saturday,44,November,2021,Yes,309,502,768,688.7142857142857,607.1191020878842,-28.119102087884244
2021-11-07,567,Sunday,44,November,2021,Yes,310,579,1072,661.7142857142857,823.0435562505244,-256.0435562505244
2021-11-08,382,Monday,45,November,2021,No,311,567,927,589.5714285714286,385.5576324636265,-3.557632463626476
2021-11-09,346,Tuesday,45,November,2021,No,312,382,540,511.7142857142857,356.4082591049404,-10.408259104940385
2021-11-10,359,Wednesday,45,November,2021,No,313,346,530,484,252.0388708670934,106.96112913290659
2021-11-11,522,Thursday,45,November,2021,No,314,359,482,459.57142857142856,443.7842355176487,78.21576448235129
2021-11-12,335,Friday,45,November,2021,No,315,522,502,465.2857142857143,472.49501930421053,-137.49501930421053
2021-11-13,422,Saturday,45,November,2021,Yes,316,335,579,441.42857142857144,481.783411963665,-59.783411963665
2021-11-14,629,Sunday,45,November,2021,Yes,317,422,567,419,624.5997860082975,4.400213991702458
2021-11-15,285,Monday,46,November,2021,No,318,629,382,427.8571428571428,283.601950014317,1.3980499856829738
2021-11-16,257,Tuesday,46,November,2021,No,319,285,346,414,262.24040576868913,-5.240405768689129
2021-11-17,0,Wednesday,46,November,2021,No,320,257,359,401.2857142857143,167.27481322727022,-167.27481322727022
2021-11-18,286,Thursday,46,November,2021,No,321,0,522,350,279.00721481696127,6.992785183038734
2021-11-19,326,Friday,46,November,2021,No,322,286,335,316.2857142857143,317.4818831539998,8.518116846000225
2021-11-20,398,Saturday,46,November,2021,Yes,323,326,422,315,440.2688686065954,-42.26886860659539
2021-11-21,524,Sunday,46,November,2021,Yes,324,398,629,311.57142857142856,629.5088714515366,-105.5088714515366
2021-11-22,261,Monday,47,November,2021,No,325,524,285,296.57142857142856,209.87210004114,51.12789995886001
2021-11-23,264,Tuesday,47,November,2021,No,326,261,257,293.14285714285717,230.07270775590436,33.92729224409564
2021-11-24,0,Wednesday,47,November,2021,No,327,264,0,294.14285714285717,83.52741496565551,-83.52741496565551
2021-11-25,310,Thursday,47,November,2021,No,328,0,286,294.14285714285717,221.50869627113912,88.49130372886088
2021-11-26,262,Friday,47,November,2021,No,329,310,326,297.57142857142856,327.27261977244933,-65.27261977244933
2021-11-27,363,Saturday,47,November,2021,Yes,330,262,398,288.42857142857144,403.30465298815875,-40.30465298815875
2021-11-28,587,Sunday,47,November,2021,Yes,331,363,524,283.42857142857144,586.8050401226045,0.19495987739549037
2021-11-29,284,Monday,48,November,2021,No,332,587,261,292.42857142857144,234.90066907277298,49.099330927227015
2021-11-30,310,Tuesday,48,November,2021,No,333,284,264,295.7142857142857,243.0457647674505,66.95423523254951
2021-12-01,0,Wednesday,48,December,2021,No,334,310,0,302.2857142857143,154.9287144039204,-154.9287144039204
2021-12-02,240,Thursday,48,December,2021,No,335,0,310,302.2857142857143,276.2717400284621,-36.27174002846209
2021-12-03,296,Friday,48,December,2021,No,336,240,262,292.2857142857143,326.1716516078611,-30.171651607861122
2021-12-04,318,Saturday,48,December,2021,Yes,337,296,363,297.14285714285717,460.1796336838763,-142.17963368387632
2021-12-05,582,Sunday,48,December,2021,Yes,338,318,587,290.7142857142857,629.1315931116379,-47.131593111637926
2021-12-06,0,Monday,49,December,2021,No,339,582,284,290,287.1012022753781,-287.1012022753781
2021-12-07,0,Tuesday,49,December,2021,No,340,0,310,249.42857142857144,164.66146270948636,-164.66146270948636
2021-12-08,0,Wednesday,49,December,2021,No,341,0,0,205.1428571428571,4.154027002883797,-4.154027002883797
2021-12-09,246,Thursday,49,December,2021,No,342,0,240,205.1428571428571,260.25532560454815,-14.255325604548148
2021-12-10,273,Friday,49,December,2021,No,343,246,296,206,338.61328759182277,-65.61328759182277
2021-12-11,371,Saturday,49,December,2021,Yes,344,273,318,202.71428571428572,439.0160547734032,-68.0160547734032
2021-12-12,560,Sunday,49,December,2021,Yes,345,371,582,210.28571428571428,654.9261090208146,-94.92610902081458
2021-12-13,289,Monday,50,December,2021,No,346,560,0,207.1428571428571,207.32061509650353,81.67938490349647
2021-12-14,287,Tuesday,50,December,2021,No,347,289,0,248.42857142857144,229.92905584732682,57.07094415267318
2021-12-15,0,Wednesday,50,December,2021,No,348,287,0,289.42857142857144,143.8150041099737,-143.8150041099737
2021-12-16,312,Thursday,50,December,2021,No,349,0,246,289.42857142857144,260.6494070099405,51.35059299005951
2021-12-17,396,Friday,50,December,2021,No,350,312,273,298.85714285714283,364.1098967631543,31.890103236845675
2021-12-18,414,Saturday,50,December,2021,Yes,351,396,371,316.42857142857144,510.94540604180196,-96.94540604180196
2021-12-19,595,Sunday,50,December,2021,Yes,352,414,560,322.57142857142856,669.1396854648013,-74.13968546480135
2021-12-20,392,Monday,51,December,2021,No,353,595,289,327.57142857142856,294.2258226549402,97.7741773450598
2021-12-21,434,Tuesday,51,December,2021,No,354,392,287,342.2857142857143,350.03099442439924,83.96900557560076
2021-12-22,372,Wednesday,51,December,2021,No,355,434,0,363.2857142857143,214.95327280964048,157.04672719035952
2021-12-23,448,Thursday,51,December,2021,No,356,372,312,416.42857142857144,457.7260327148567,-9.726032714856672
2021-12-24,1006,Friday,51,December,2021,No,357,448,396,435.8571428571428,459.3826318139996,546.6173681860005
2021-12-25,647,Saturday,51,December,2021,Yes,358,1006,414,523,818.0399617634308,-171.03996176343082
2021-12-26,734,Sunday,51,December,2021,Yes,359,647,595,556.2857142857143,789.0272810513709,-55.02728105137089
2021-12-27,505,Monday,52,December,2021,No,360,734,392,576.1428571428571,384.5984034167836,120.40159658321642
2021-12-28,525,Tuesday,52,December,2021,No,361,505,434,592.2857142857143,438.4888169602433,86.5111830397567
2021-12-29,453,Wednesday,52,December,2021,No,362,525,372,605.2857142857143,348.22989716747526,104.77010283252474
2021-12-30,489,Thursday,52,December,2021,No,363,453,448,616.8571428571429,528.4159859516546,-39.41598595165465
2021-12-31,908,Friday,52,December,2021,No,364,489,1006,622.7142857142857,627.5610271236064,280.43897287639356
2022-01-01,0,Saturday,52,January,2022,Yes,365,908,647,608.7142857142857,751.7106343735949,-751.7106343735949
2022-01-02,881,Sunday,52,January,2022,Yes,366,0,734,516.2857142857143,431.89534128278825,449.10465871721175
2022-01-03,352,Monday,1,January,2022,No,367,881,505,537.2857142857143,410.4216062137665,-58.421606213766495
2022-01-04,67,Tuesday,1,January,2022,No,368,352,525,515.4285714285714,312.2522131819396,-245.25221318193962
2022-01-05,0,Wednesday,1,January,2022,No,369,67,453,450,70.96263106127499,-70.96263106127499
2022-01-06,325,Thursday,1,January,2022,No,370,0,489,385.2857142857143,244.71621964984453,80.28378035015547
2022-01-07,287,Friday,1,January,2022,No,371,325,908,361.8571428571428,451.67688720699107,-164.67688720699107
2022-01-08,317,Saturday,1,January,2022,Yes,372,287,0,273.14285714285717,291.88453599733157,25.115464002668432
2022-01-09,484,Sunday,1,January,2022,Yes,373,317,881,318.42857142857144,626.1670997555308,-142.16709975553078
2022-01-10,258,Monday,2,January,2022,No,374,484,352,261.7142857142857,181.53735566129396,76.46264433870604
2022-01-11,282,Tuesday,2,January,2022,No,375,258,67,248.28571428571428,156.61321202199045,125.38678797800955
2022-01-12,0,Wednesday,2,January,2022,No,376,282,0,279,66.85423238259042,-66.85423238259042
2022-01-13,232,Thursday,2,January,2022,No,377,0,325,279,205.62898733031096,26.371012669689037
2022-01-14,297,Friday,2,January,2022,No,378,232,287,265.7142857142857,254.11484941067548,42.885150589324525
2022-01-15,313,Saturday,2,January,2022,Yes,379,297,317,267.14285714285717,375.06586590313793,-62.06586590313793
2022-01-16,486,Sunday,2,January,2022,Yes,380,313,484,266.57142857142856,526.9387199537432,-40.9387199537432
2022-01-17,286,Monday,3,January,2022,No,381,486,258,266.85714285714283,159.26327804482463,126.73672195517537
2022-01-18,254,Tuesday,3,January,2022,No,382,286,282,270.85714285714283,223.09160470783073,30.908395292169274
2022-01-19,0,Wednesday,3,January,2022,No,383,254,0,266.85714285714283,53.27927963949612,-53.27927963949612
2022-01-20,303,Thursday,3,January,2022,No,384,0,232,266.85714285714283,182.8435127368388,120.15648726316121
2022-01-21,305,Friday,3,January,2022,No,385,303,297,277,291.2552545023682,13.744745497631811
2022-01-22,358,Saturday,3,January,2022,Yes,386,305,313,278.14285714285717,377.86063986121843,-19.86063986121843
2022-01-23,550,Sunday,3,January,2022,Yes,387,358,486,284.57142857142856,549.2685084316571,0.7314915683429035
2022-01-24,266,Monday,4,January,2022,No,388,550,286,293.7142857142857,197.21056220279476,68.78943779720524
2022-01-25,284,Tuesday,4,January,2022,No,389,266,254,290.85714285714283,206.11849437109228,77.88150562890772
2022-01-26,0,Wednesday,4,January,2022,No,390,284,0,295.14285714285717,67.62704288618572,-67.62704288618572
2022-01-27,358,Thursday,4,January,2022,No,391,0,303,295.14285714285717,199.9938571191209,158.0061428808791
2022-01-28,283,Friday,4,January,2022,No,392,358,305,303,319.8661633140339,-36.866163314033884
2022-01-29,346,Saturday,4,January,2022,Yes,393,283,358,299.85714285714283,377.89281331840067,-31.89281331840067
2022-01-30,535,Sunday,4,January,2022,Yes,394,346,550,298.14285714285717,558.9967448359848,-23.996744835984828
2022-01-31,273,Monday,5,January,2022,No,395,535,266,296,184.89124388606092,88.10875611393908
2022-02-01,263,Tuesday,5,February,2022,No,396,273,284,297,295.70366195939744,-32.70366195939744
2022-02-02,0,Wednesday,5,February,2022,No,397,263,0,294,136.17404683857234,-136.17404683857234
2022-02-03,315,Thursday,5,February,2022,No,398,0,358,294,292.40723666429085,22.59276333570915
2022-02-04,274,Friday,5,February,2022,No,399,315,283,287.85714285714283,372.37746548700585,-98.37746548700585
2022-02-05,352,Saturday,5,February,2022,Yes,400,274,346,286.57142857142856,449.52092391184766,-97.52092391184766
2022-02-06,604,Sunday,5,February,2022,Yes,401,352,535,287.42857142857144,637.2077754294054,-33.20777542940539
2022-02-07,329,Monday,6,February,2022,No,402,604,273,297.2857142857143,299.2704640388305,29.729535961169518
2022-02-08,357,Tuesday,6,February,2022,No,403,329,263,305.2857142857143,317.87929393756093,39.12070606243907
2022-02-09,0,Wednesday,6,February,2022,No,404,357,0,318.7142857142857,181.953924107686,-181.953924107686
2022-02-10,361,Thursday,6,February,2022,No,405,0,315,318.7142857142857,281.48122360696283,79.51877639303717
2022-02-11,348,Friday,6,February,2022,No,406,361,274,325.2857142857143,392.2337568159096,-44.2337568159096
2022-02-12,453,Saturday,6,February,2022,Yes,407,348,352,335.85714285714283,486.65616215077125,-33.65616215077125
2022-02-13,706,Sunday,6,February,2022,Yes,408,453,604,350.2857142857143,702.9504643384765,3.049535661523464
2022-02-14,417,Monday,7,February,2022,No,409,706,329,364.8571428571428,362.23587822963344,54.76412177036656
2022-02-15,548,Tuesday,7,February,2022,No,410,417,357,377.42857142857144,383.29422114828486,164.70577885171514
2022-02-16,0,Wednesday,7,February,2022,No,411,548,0,404.7142857142857,274.513669356267,-274.513669356267
2022-02-17,471,Thursday,7,February,2022,No,412,0,361,404.7142857142857,291.72071642341655,179.27928357658345
2022-02-18,516,Friday,7,February,2022,No,413,471,348,420.42857142857144,463.2075429758215,52.792457024178475
2022-02-19,598,Saturday,7,February,2022,Yes,414,516,453,444.42857142857144,592.5611292153872,5.4388707846128455
2022-02-20,861,Sunday,7,February,2022,Yes,415,598,706,465.1428571428572,797.7417478565984,63.25825214340159
2022-02-21,390,Monday,8,February,2022,No,416,861,417,487.2857142857143,458.3800541200793,-68.38005412007931
2022-02-22,418,Tuesday,8,February,2022,No,417,390,548,483.42857142857144,415.80468884281805,2.1953111571819477
2022-02-23,0,Wednesday,8,February,2022,No,418,418,0,464.8571428571428,209.98570685639007,-209.98570685639007
2022-02-24,489,Thursday,8,February,2022,No,419,0,471,464.8571428571428,318.081386041116,170.918613958884
2022-02-25,522,Friday,8,February,2022,No,420,489,516,467.42857142857144,512.8727766861628,9.127223313837248
2022-02-26,663,Saturday,8,February,2022,Yes,421,522,598,468.2857142857143,630.9658591398943,32.03414086010571
2022-02-27,954,Sunday,8,February,2022,Yes,422,663,861,477.57142857142856,867.6946695809913,86.30533041900867
2022-02-28,404,Monday,9,February,2022,No,423,954,390,490.8571428571428,497.28139214887426,-93.28139214887426
2022-03-01,482,Tuesday,9,March,2022,No,424,404,418,492.8571428571428,352.2405550064137,129.75944499358633
2022-03-02,354,Wednesday,9,March,2022,No,425,482,0,502,202.6542304444279,151.3457695555721
2022-03-03,359,Thursday,9,March,2022,No,426,354,489,552.5714285714286,456.75690260934994,-97.75690260934994
2022-03-04,438,Friday,9,March,2022,No,427,359,522,534,411.50312928888246,26.496870711117538
2022-03-05,611,Saturday,9,March,2022,Yes,428,438,663,522,566.8751985023755,44.1248014976245
2022-03-06,798,Sunday,9,March,2022,Yes,429,611,954,514.5714285714286,826.419674839363,-28.419674839362983
2022-03-07,409,Monday,10,March,2022,No,430,798,404,492.2857142857143,385.97402655045846,23.02597344954154
2022-03-08,337,Tuesday,10,March,2022,No,431,409,482,493,370.47875363920764,-33.47875363920764
2022-03-09,235,Wednesday,10,March,2022,No,432,337,354,472.2857142857143,219.25536370972353,15.744636290276475
2022-03-10,254,Thursday,10,March,2022,No,433,235,359,455.2857142857143,367.58255747963995,-113.58255747963995
2022-03-11,271,Friday,10,March,2022,No,434,254,438,440.2857142857143,340.49609918996896,-69.49609918996896
2022-03-12,346,Saturday,10,March,2022,Yes,435,271,611,416.42857142857144,473.50967141678933,-127.50967141678933
2022-03-13,608,Sunday,10,March,2022,Yes,436,346,798,378.57142857142856,659.7307684817473,-51.730768481747305
2022-03-14,314,Monday,11,March,2022,No,437,608,409,351.42857142857144,295.84497534892887,18.15502465107113
2022-03-15,293,Tuesday,11,March,2022,No,438,314,337,337.85714285714283,290.11938610137116,2.8806138986288374
2022-03-16,211,Wednesday,11,March,2022,No,439,293,235,331.57142857142856,170.13475013691811,40.865249863081885
2022-03-17,257,Thursday,11,March,2022,No,440,211,254,328.14285714285717,331.5488523794889,-74.54885237948889
2022-03-18,296,Friday,11,March,2022,No,441,257,271,328.57142857142856,302.2099761261271,-6.209976126127117
2022-03-19,413,Saturday,11,March,2022,Yes,442,296,346,332.14285714285717,421.4837181436276,-8.483718143627584
2022-03-20,687,Sunday,11,March,2022,Yes,443,413,608,341.7142857142857,646.1923738611968,40.80762613880324
2022-03-21,355,Monday,12,March,2022,No,444,687,314,353,311.13162483624603,43.86837516375397
2022-03-22,320,Tuesday,12,March,2022,No,445,355,293,358.85714285714283,299.10126233670064,20.898737663299357
2022-03-23,279,Wednesday,12,March,2022,No,446,320,211,362.7142857142857,177.05397486991063,101.94602513008937
2022-03-24,277,Thursday,12,March,2022,No,447,279,257,372.42857142857144,365.06600797743323,-88.06600797743323
2022-03-25,341,Friday,12,March,2022,No,448,277,296,375.2857142857143,317.5833927622514,23.41660723774862
2022-03-26,529,Saturday,12,March,2022,Yes,449,341,413,381.7142857142857,459.44138864341335,69.55861135658665
2022-03-27,650,Sunday,12,March,2022,Yes,450,529,687,398.2857142857143,721.8390470333807,-71.83904703338067
2022-03-28,335,Monday,13,March,2022,No,451,650,355,393,302.5853159303883,32.414684069611724
2022-03-29,310,Tuesday,13,March,2022,No,452,335,320,390.1428571428572,295.55054569231083,14.449454307689166
2022-03-30,227,Wednesday,13,March,2022,No,453,310,279,388.7142857142857,188.58963137240883,38.41036862759117
2022-03-31,248,Thursday,13,March,2022,No,454,227,277,381.2857142857143,344.3844292039659,-96.38442920396591
2022-04-01,349,Friday,13,April,2022,No,455,248,341,377.1428571428572,371.1423200206662,-22.142320020666205
2022-04-02,403,Saturday,13,April,2022,Yes,456,349,529,378.2857142857143,548.7283232970252,-145.7283232970252
2022-04-03,567,Sunday,13,April,2022,Yes,457,403,650,360.2857142857143,708.1136176264287,-141.11361762642866
2022-04-04,297,Monday,14,April,2022,No,458,567,335,348.42857142857144,314.22578152672935,-17.22578152672935
2022-04-05,336,Tuesday,14,April,2022,No,459,297,310,343,331.75936813656705,4.240631863432952
2022-04-06,261,Wednesday,14,April,2022,No,460,336,227,346.7142857142857,245.7574065127938,15.242593487206193
2022-04-07,327,Thursday,14,April,2022,No,461,261,248,351.57142857142856,410.9909743281285,-83.99097432812852
2022-04-08,256,Friday,14,April,2022,No,462,327,349,362.8571428571428,412.04210659540945,-156.04210659540945
2022-04-09,422,Saturday,14,April,2022,Yes,463,256,403,349.57142857142856,472.4077684516673,-50.40776845166732
2022-04-10,645,Sunday,14,April,2022,Yes,464,422,567,352.2857142857143,697.059383354023,-52.059383354023
2022-04-11,440,Monday,15,April,2022,No,465,645,297,363.42857142857144,342.91018071077735,97.08981928922265
2022-04-12,344,Tuesday,15,April,2022,No,466,440,336,383.8571428571428,407.7750948713949,-63.77509487139491
2022-04-13,331,Wednesday,15,April,2022,No,467,344,261,385,257.57472225833004,73.42527774166996
2022-04-14,415,Thursday,15,April,2022,No,468,331,327,395,464.24824073943125,-49.24824073943125
2022-04-15,512,Friday,15,April,2022,No,469,415,256,407.57142857142856,431.6798936515699,80.3201063484301
2022-04-16,964,Saturday,15,April,2022,Yes,470,512,422,444.1428571428572,601.4206342499047,362.57936575009535
2022-04-17,835,Sunday,15,April,2022,Yes,471,964,645,521.5714285714286,979.920712044303,-144.92071204430295
2022-04-18,1096,Monday,16,April,2022,No,472,835,440,548.7142857142857,468.9765096591593,627.0234903408407
2022-04-19,523,Tuesday,16,April,2022,No,473,1096,344,642.4285714285714,728.124309938896,-205.12430993889598
2022-04-20,488,Wednesday,16,April,2022,No,474,523,331,668,358.9793034523856,129.02069654761442
2022-04-21,683,Thursday,16,April,2022,No,475,488,415,690.4285714285714,559.144081475055,123.85591852494497
2022-04-22,540,Friday,16,April,2022,No,476,683,512,728.7142857142857,622.1231597617634,-82.12315976176342
2022-04-23,506,Saturday,16,April,2022,Yes,477,540,964,732.7142857142857,745.1383628287472,-239.13836282874718
2022-04-24,711,Sunday,16,April,2022,Yes,478,506,835,667.2857142857143,800.3070281622105,-89.30702816221049
2022-04-25,428,Monday,17,April,2022,No,479,711,1096,649.5714285714286,568.6933864044909,-140.69338640449087
2022-04-26,337,Tuesday,17,April,2022,No,480,428,523,554.1428571428571,445.826590205822,-108.82659020582201
2022-04-27,455,Wednesday,17,April,2022,No,481,337,488,527.5714285714286,308.3028625980861,146.6971374019139
2022-04-28,394,Thursday,17,April,2022,No,482,455,683,522.8571428571429,611.2320810935611,-217.23208109356108
2022-04-29,444,Friday,17,April,2022,No,483,394,540,481.57142857142856,490.4870747241811,-46.48707472418113
2022-04-30,801,Saturday,17,April,2022,Yes,484,444,506,467.8571428571428,588.4890941616181,212.51090583838186
2022-05-01,1010,Sunday,17,May,2022,Yes,485,801,711,510,926.8775742382227,83.12242576177732
2022-05-02,571,Monday,18,May,2022,No,486,1010,428,552.7142857142857,562.2489194391876,8.751080560812397
2022-05-03,411,Tuesday,18,May,2022,No,487,571,337,573.1428571428571,480.2890465270739,-69.28904652707388
2022-05-04,0,Wednesday,18,May,2022,No,488,411,455,583.7142857142857,346.1917786581778,-346.1917786581778
2022-05-05,458,Thursday,18,May,2022,No,489,0,394,518.7142857142857,327.3200983715222,130.6799016284778
2022-05-06,477,Friday,18,May,2022,No,490,458,444,527.8571428571429,508.0576121066987,-31.057612106698684
2022-05-07,560,Saturday,18,May,2022,Yes,491,477,801,532.5714285714286,687.0743514154852,-127.07435141548524
2022-05-08,816,Sunday,18,May,2022,Yes,492,560,1010,498.1428571428572,882.6016575752326,-66.6016575752326
2022-05-09,414,Monday,19,May,2022,No,493,816,571,470.42857142857144,503.4464054797814,-89.44640547978139
2022-05-10,365,Tuesday,19,May,2022,No,494,414,411,448,423.1624062085855,-58.16240620858548
2022-05-11,315,Wednesday,19,May,2022,No,495,365,0,441.42857142857144,213.22359423020268,101.77640576979732
2022-05-12,373,Thursday,19,May,2022,No,496,315,458,486.42857142857144,498.0025464383078,-125.00254643830777
2022-05-13,363,Friday,19,May,2022,No,497,373,477,474.2857142857143,475.20392423403143,-112.20392423403143
2022-05-14,543,Saturday,19,May,2022,Yes,498,363,560,458,572.6770517063808,-29.67705170638078
2022-05-15,833,Sunday,19,May,2022,Yes,499,543,816,455.57142857142856,826.9558930092932,6.044106990706837
2022-05-16,410,Monday,20,May,2022,No,500,833,414,458,473.2135432384834,-63.213543238483396
2022-05-17,350,Tuesday,20,May,2022,No,501,410,365,457.42857142857144,409.7316601275413,-59.73166012754132
2022-05-18,361,Wednesday,20,May,2022,No,502,350,315,455.2857142857143,283.3954911444406,77.6045088555594
2022-05-19,366,Thursday,20,May,2022,No,503,361,373,461.8571428571428,499.9094732945201,-133.90947329452013
2022-05-20,420,Friday,20,May,2022,No,504,366,363,460.8571428571428,443.8217245150134,-23.821724515013386
2022-05-21,539,Saturday,20,May,2022,Yes,505,420,543,469,596.2948671785233,-57.294867178523305
2022-05-22,782,Sunday,20,May,2022,Yes,506,539,833,468.42857142857144,829.0222820656452,-47.022282065645186
2022-05-23,353,Monday,21,May,2022,No,507,782,410,461.1428571428572,447.17550202072033,-94.17550202072033
2022-05-24,408,Tuesday,21,May,2022,No,508,353,350,453,378.13516971725267,29.864830282747334
2022-05-25,529,Wednesday,21,May,2022,No,509,408,361,461.2857142857143,323.1094538578237,205.89054614217628
2022-05-26,1094,Thursday,21,May,2022,No,510,529,366,485.2857142857143,580.2692773571791,513.7307226428209
2022-05-27,1135,Friday,21,May,2022,No,511,1094,420,589.2857142857143,813.2449097819692,321.7550902180308
