date,daily_demand,day_of_week,week_of_year,month,year,is_weekend,time_index,prev_day_demand,prev_week_demand,rolling_7_day_avg_demand
2021-01-09,392,Saturday,1,January,2021,Yes,8,324,574,342.7142857142857
2021-01-10,474,Sunday,1,January,2021,Yes,9,392,565,316.7142857142857
2021-01-11,292,Monday,2,January,2021,No,10,474,315,303.7142857142857
2021-01-12,256,Tuesday,2,January,2021,No,11,292,311,300.42857142857144
2021-01-13,0,Wednesday,2,January,2021,No,12,256,0,292.57142857142856
2021-01-14,286,Thursday,2,January,2021,No,13,0,310,292.57142857142856
2021-01-15,322,Friday,2,January,2021,No,14,286,324,289.14285714285717
2021-01-16,379,Saturday,2,January,2021,Yes,15,322,392,288.85714285714283
2021-01-17,509,Sunday,2,January,2021,Yes,16,379,474,287
2021-01-18,286,Monday,3,January,2021,No,17,509,292,292
2021-01-19,289,Tuesday,3,January,2021,No,18,286,256,291.14285714285717
2021-01-20,0,Wednesday,3,January,2021,No,19,289,0,295.85714285714283
2021-01-21,266,Thursday,3,January,2021,No,20,0,286,295.85714285714283
2021-01-22,324,Friday,3,January,2021,No,21,266,322,293
2021-01-23,369,Saturday,3,January,2021,Yes,22,324,379,293.2857142857143
2021-01-24,487,Sunday,3,January,2021,Yes,23,369,509,291.85714285714283
2021-01-25,307,Monday,4,January,2021,No,24,487,286,288.7142857142857
2021-01-26,326,Tuesday,4,January,2021,No,25,307,289,291.7142857142857
2021-01-27,0,Wednesday,4,January,2021,No,26,326,0,297
2021-01-28,275,Thursday,4,January,2021,No,27,0,266,297
2021-01-29,308,Friday,4,January,2021,No,28,275,324,298.2857142857143
2021-01-30,410,Saturday,4,January,2021,Yes,29,308,369,296
2021-01-31,547,Sunday,4,January,2021,Yes,30,410,487,301.85714285714283
2021-02-01,241,Monday,5,February,2021,No,31,547,307,310.42857142857144
2021-02-02,267,Tuesday,5,February,2021,No,32,241,326,301
2021-02-03,0,Wednesday,5,February,2021,No,33,267,0,292.57142857142856
2021-02-04,317,Thursday,5,February,2021,No,34,0,275,292.57142857142856
2021-02-05,370,Friday,5,February,2021,No,35,317,308,298.57142857142856
2021-02-06,429,Saturday,5,February,2021,Yes,36,370,410,307.42857142857144
2021-02-07,556,Sunday,5,February,2021,Yes,37,429,547,310.14285714285717
2021-02-08,310,Monday,6,February,2021,No,38,556,241,311.42857142857144
2021-02-09,334,Tuesday,6,February,2021,No,39,310,267,321.2857142857143
2021-02-10,0,Wednesday,6,February,2021,No,40,334,0,330.85714285714283
2021-02-11,260,Thursday,6,February,2021,No,41,0,317,330.85714285714283
2021-02-12,291,Friday,6,February,2021,No,42,260,370,322.7142857142857
2021-02-13,416,Saturday,6,February,2021,Yes,43,291,429,311.42857142857144
2021-02-14,710,Sunday,6,February,2021,Yes,44,416,556,309.57142857142856
2021-02-15,329,Monday,7,February,2021,No,45,710,310,331.57142857142856
2021-02-16,322,Tuesday,7,February,2021,No,46,329,334,334.2857142857143
2021-02-17,0,Wednesday,7,February,2021,No,47,322,0,332.57142857142856
2021-02-18,291,Thursday,7,February,2021,No,48,0,260,332.57142857142856
2021-02-19,422,Friday,7,February,2021,No,49,291,291,337
2021-02-20,491,Saturday,7,February,2021,Yes,50,422,416,355.7142857142857
2021-02-21,852,Sunday,7,February,2021,Yes,51,491,710,366.42857142857144
2021-02-22,550,Monday,8,February,2021,No,52,852,329,386.7142857142857
2021-02-23,595,Tuesday,8,February,2021,No,53,550,322,418.2857142857143
2021-02-24,0,Wednesday,8,February,2021,No,54,595,0,457.2857142857143
2021-02-25,584,Thursday,8,February,2021,No,55,0,291,457.2857142857143
2021-02-26,713,Friday,8,February,2021,No,56,584,422,499.1428571428572
2021-02-27,913,Saturday,8,February,2021,Yes,57,713,491,540.7142857142857
2021-02-28,1281,Sunday,8,February,2021,Yes,58,913,852,601
2021-03-01,544,Monday,9,March,2021,No,59,1281,550,662.2857142857143
2021-03-02,581,Tuesday,9,March,2021,No,60,544,595,661.4285714285714
2021-03-03,0,Wednesday,9,March,2021,No,61,581,0,659.4285714285714
2021-03-04,594,Thursday,9,March,2021,No,62,0,584,659.4285714285714
2021-03-05,628,Friday,9,March,2021,No,63,594,713,660.8571428571429
2021-03-06,724,Saturday,9,March,2021,Yes,64,628,913,648.7142857142857
2021-03-07,865,Sunday,9,March,2021,Yes,65,724,1281,621.7142857142857
2021-03-08,395,Monday,10,March,2021,No,66,865,544,562.2857142857143
2021-03-09,434,Tuesday,10,March,2021,No,67,395,581,541
2021-03-10,0,Wednesday,10,March,2021,No,68,434,0,520
2021-03-11,437,Thursday,10,March,2021,No,69,0,594,520
2021-03-12,494,Friday,10,March,2021,No,70,437,628,497.57142857142856
2021-03-13,641,Saturday,10,March,2021,Yes,71,494,724,478.42857142857144
2021-03-14,862,Sunday,10,March,2021,Yes,72,641,865,466.57142857142856
2021-03-15,413,Monday,11,March,2021,No,73,862,395,466.1428571428572
2021-03-16,473,Tuesday,11,March,2021,No,74,413,434,468.7142857142857
2021-03-17,0,Wednesday,11,March,2021,No,75,473,0,474.2857142857143
2021-03-18,319,Thursday,11,March,2021,No,76,0,437,474.2857142857143
2021-03-19,397,Friday,11,March,2021,No,77,319,494,457.42857142857144
2021-03-20,623,Saturday,11,March,2021,Yes,78,397,641,443.57142857142856
2021-03-21,757,Sunday,11,March,2021,Yes,79,623,862,441
2021-03-22,398,Monday,12,March,2021,No,80,757,413,426
2021-03-23,346,Tuesday,12,March,2021,No,81,398,473,423.8571428571428
2021-03-24,0,Wednesday,12,March,2021,No,82,346,0,405.7142857142857
2021-03-25,403,Thursday,12,March,2021,No,83,0,319,405.7142857142857
2021-03-26,473,Friday,12,March,2021,No,84,403,397,417.7142857142857
2021-03-27,467,Saturday,12,March,2021,Yes,85,473,623,428.57142857142856
2021-03-28,727,Sunday,12,March,2021,Yes,86,467,757,406.2857142857143
2021-03-29,392,Monday,13,March,2021,No,87,727,398,402
2021-03-30,466,Tuesday,13,March,2021,No,88,392,346,401.1428571428572
2021-03-31,0,Wednesday,13,March,2021,No,89,466,0,418.2857142857143
2021-04-01,365,Thursday,13,April,2021,No,90,0,403,418.2857142857143
2021-04-02,520,Friday,13,April,2021,No,91,365,473,412.8571428571428
2021-04-03,748,Saturday,13,April,2021,Yes,92,520,467,419.57142857142856
2021-04-04,1320,Sunday,13,April,2021,Yes,93,748,727,459.7142857142857
2021-04-05,710,Monday,14,April,2021,No,94,1320,392,544.4285714285714
2021-04-06,498,Tuesday,14,April,2021,No,95,710,466,589.8571428571429
2021-04-07,0,Wednesday,14,April,2021,No,96,498,0,594.4285714285714
2021-04-08,444,Thursday,14,April,2021,No,97,0,365,594.4285714285714
2021-04-09,411,Friday,14,April,2021,No,98,444,520,605.7142857142857
2021-04-10,576,Saturday,14,April,2021,Yes,99,411,748,590.1428571428571
2021-04-11,747,Sunday,14,April,2021,Yes,100,576,1320,565.5714285714286
2021-04-12,491,Monday,15,April,2021,No,101,747,710,483.7142857142857
2021-04-13,507,Tuesday,15,April,2021,No,102,491,498,452.42857142857144
2021-04-14,371,Wednesday,15,April,2021,No,103,507,0,453.7142857142857
2021-04-15,431,Thursday,15,April,2021,No,104,371,444,506.7142857142857
2021-04-16,543,Friday,15,April,2021,No,105,431,411,504.8571428571428
2021-04-17,641,Saturday,15,April,2021,Yes,106,543,576,523.7142857142857
2021-04-18,999,Sunday,15,April,2021,Yes,107,641,747,533
2021-04-19,445,Monday,16,April,2021,No,108,999,491,569
2021-04-20,585,Tuesday,16,April,2021,No,109,445,507,562.4285714285714
2021-04-21,421,Wednesday,16,April,2021,No,110,585,371,573.5714285714286
2021-04-22,595,Thursday,16,April,2021,No,111,421,431,580.7142857142857
2021-04-23,507,Friday,16,April,2021,No,112,595,543,604.1428571428571
2021-04-24,708,Saturday,16,April,2021,Yes,113,507,641,599
2021-04-25,961,Sunday,16,April,2021,Yes,114,708,999,608.5714285714286
2021-04-26,432,Monday,17,April,2021,No,115,961,445,603.1428571428571
2021-04-27,380,Tuesday,17,April,2021,No,116,432,585,601.2857142857143
2021-04-28,399,Wednesday,17,April,2021,No,117,380,421,572
2021-04-29,428,Thursday,17,April,2021,No,118,399,595,568.8571428571429
2021-04-30,442,Friday,17,April,2021,No,119,428,507,545
2021-05-01,671,Saturday,17,May,2021,Yes,120,442,708,535.7142857142857
2021-05-02,867,Sunday,17,May,2021,Yes,121,671,961,530.4285714285714
2021-05-03,490,Monday,18,May,2021,No,122,867,432,517
2021-05-04,431,Tuesday,18,May,2021,No,123,490,380,525.2857142857143
2021-05-05,503,Wednesday,18,May,2021,No,124,431,399,532.5714285714286
2021-05-06,428,Thursday,18,May,2021,No,125,503,428,547.4285714285714
2021-05-07,521,Friday,18,May,2021,No,126,428,442,547.4285714285714
2021-05-08,807,Saturday,18,May,2021,Yes,127,521,671,558.7142857142857
2021-05-09,1005,Sunday,18,May,2021,Yes,128,807,867,578.1428571428571
2021-05-10,463,Monday,19,May,2021,No,129,1005,490,597.8571428571429
2021-05-11,453,Tuesday,19,May,2021,No,130,463,431,594
2021-05-12,647,Wednesday,19,May,2021,No,131,453,503,597.1428571428571
2021-05-13,1048,Thursday,19,May,2021,No,132,647,428,617.7142857142857
2021-05-14,1210,Friday,19,May,2021,No,133,1048,521,706.2857142857143
2021-05-15,1299,Saturday,19,May,2021,Yes,134,1210,807,804.7142857142857
2021-05-16,1400,Sunday,19,May,2021,Yes,135,1299,1005,875
2021-05-17,0,Monday,20,May,2021,No,136,1400,463,931.4285714285714
2021-05-18,0,Tuesday,20,May,2021,No,137,0,453,865.2857142857143
2021-05-19,0,Wednesday,20,May,2021,No,138,0,647,800.5714285714286
2021-05-20,0,Thursday,20,May,2021,No,139,0,1048,708.1428571428571
2021-05-21,363,Friday,20,May,2021,No,140,0,1210,558.4285714285714
2021-05-22,798,Saturday,20,May,2021,Yes,141,363,1299,437.42857142857144
2021-05-23,1296,Sunday,20,May,2021,Yes,142,798,1400,365.8571428571428
2021-05-24,1000,Monday,21,May,2021,No,143,1296,0,351
2021-05-25,484,Tuesday,21,May,2021,No,144,1000,0,493.8571428571428
2021-05-26,335,Wednesday,21,May,2021,No,145,484,0,563
2021-05-27,409,Thursday,21,May,2021,No,146,335,0,610.8571428571429
2021-05-28,475,Friday,21,May,2021,No,147,409,363,669.2857142857143
2021-05-29,681,Saturday,21,May,2021,Yes,148,475,798,685.2857142857143
2021-05-30,965,Sunday,21,May,2021,Yes,149,681,1296,668.5714285714286
2021-05-31,426,Monday,22,May,2021,No,150,965,1000,621.2857142857143
2021-06-01,414,Tuesday,22,June,2021,No,151,426,484,539.2857142857143
2021-06-02,356,Wednesday,22,June,2021,No,152,414,335,529.2857142857143
2021-06-03,361,Thursday,22,June,2021,No,153,356,409,532.2857142857143
2021-06-04,531,Friday,22,June,2021,No,154,361,475,525.4285714285714
2021-06-05,664,Saturday,22,June,2021,Yes,155,531,681,533.4285714285714
2021-06-06,997,Sunday,22,June,2021,Yes,156,664,965,531
2021-06-07,415,Monday,23,June,2021,No,157,997,426,535.5714285714286
2021-06-08,459,Tuesday,23,June,2021,No,158,415,414,534
2021-06-09,401,Wednesday,23,June,2021,No,159,459,356,540.4285714285714
2021-06-10,400,Thursday,23,June,2021,No,160,401,361,546.8571428571429
2021-06-11,461,Friday,23,June,2021,No,161,400,531,552.4285714285714
2021-06-12,838,Saturday,23,June,2021,Yes,162,461,664,542.4285714285714
2021-06-13,1060,Sunday,23,June,2021,Yes,163,838,997,567.2857142857143
2021-06-14,478,Monday,24,June,2021,No,164,1060,415,576.2857142857143
2021-06-15,452,Tuesday,24,June,2021,No,165,478,459,585.2857142857143
2021-06-16,436,Wednesday,24,June,2021,No,166,452,401,584.2857142857143
2021-06-17,377,Thursday,24,June,2021,No,167,436,400,589.2857142857143
2021-06-18,439,Friday,24,June,2021,No,168,377,461,586
2021-06-19,653,Saturday,24,June,2021,Yes,169,439,838,582.8571428571429
2021-06-20,1005,Sunday,24,June,2021,Yes,170,653,1060,556.4285714285714
2021-06-21,499,Monday,25,June,2021,No,171,1005,478,548.5714285714286
2021-06-22,442,Tuesday,25,June,2021,No,172,499,452,551.5714285714286
2021-06-23,385,Wednesday,25,June,2021,No,173,442,436,550.1428571428571
2021-06-24,513,Thursday,25,June,2021,No,174,385,377,542.8571428571429
2021-06-25,484,Friday,25,June,2021,No,175,513,439,562.2857142857143
2021-06-26,662,Saturday,25,June,2021,Yes,176,484,653,568.7142857142857
2021-06-27,1087,Sunday,25,June,2021,Yes,177,662,1005,570
2021-06-28,443,Monday,26,June,2021,No,178,1087,499,581.7142857142857
2021-06-29,416,Tuesday,26,June,2021,No,179,443,442,573.7142857142857
2021-06-30,426,Wednesday,26,June,2021,No,180,416,385,570
2021-07-01,552,Thursday,26,July,2021,No,181,426,513,575.8571428571429
2021-07-02,454,Friday,26,July,2021,No,182,552,484,581.4285714285714
2021-07-03,766,Saturday,26,July,2021,Yes,183,454,662,577.1428571428571
2021-07-04,980,Sunday,26,July,2021,Yes,184,766,1087,592
2021-07-05,583,Monday,27,July,2021,No,185,980,443,576.7142857142857
2021-07-06,554,Tuesday,27,July,2021,No,186,583,416,596.7142857142857
2021-07-07,563,Wednesday,27,July,2021,No,187,554,426,616.4285714285714
2021-07-08,602,Thursday,27,July,2021,No,188,563,552,636
2021-07-09,692,Friday,27,July,2021,No,189,602,454,643.1428571428571
2021-07-10,955,Saturday,27,July,2021,Yes,190,692,766,677.1428571428571
2021-07-11,1359,Sunday,27,July,2021,Yes,191,955,980,704.1428571428571
2021-07-12,950,Monday,28,July,2021,No,192,1359,583,758.2857142857143
2021-07-13,845,Tuesday,28,July,2021,No,193,950,554,810.7142857142857
2021-07-14,1130,Wednesday,28,July,2021,No,194,845,563,852.2857142857143
2021-07-15,977,Thursday,28,July,2021,No,195,1130,602,933.2857142857144
2021-07-16,890,Friday,28,July,2021,No,196,977,692,986.8571428571428
2021-07-17,1247,Saturday,28,July,2021,Yes,197,890,955,1015.1428571428572
2021-07-18,1235,Sunday,28,July,2021,Yes,198,1247,1359,1056.857142857143
2021-07-19,978,Monday,29,July,2021,No,199,1235,950,1039.142857142857
2021-07-20,921,Tuesday,29,July,2021,No,200,978,845,1043.142857142857
2021-07-21,871,Wednesday,29,July,2021,No,201,921,1130,1054
2021-07-22,895,Thursday,29,July,2021,No,202,871,977,1017
2021-07-23,947,Friday,29,July,2021,No,203,895,890,1005.2857142857144
2021-07-24,1192,Saturday,29,July,2021,Yes,204,947,1247,1013.4285714285714
2021-07-25,1383,Sunday,29,July,2021,Yes,205,1192,1235,1005.5714285714286
2021-07-26,1002,Monday,30,July,2021,No,206,1383,978,1026.7142857142858
2021-07-27,878,Tuesday,30,July,2021,No,207,1002,921,1030.142857142857
2021-07-28,925,Wednesday,30,July,2021,No,208,878,871,1024
2021-07-29,890,Thursday,30,July,2021,No,209,925,895,1031.7142857142858
2021-07-30,956,Friday,30,July,2021,No,210,890,947,1031
2021-07-31,1102,Saturday,30,July,2021,Yes,211,956,1192,1032.2857142857142
2021-08-01,1329,Sunday,30,August,2021,Yes,212,1102,1383,1019.4285714285714
2021-08-02,1044,Monday,31,August,2021,No,213,1329,1002,1011.7142857142856
2021-08-03,1159,Tuesday,31,August,2021,No,214,1044,878,1017.7142857142856
2021-08-04,907,Wednesday,31,August,2021,No,215,1159,925,1057.857142857143
2021-08-05,1007,Thursday,31,August,2021,No,216,907,890,1055.2857142857142
2021-08-06,947,Friday,31,August,2021,No,217,1007,956,1072
2021-08-07,1185,Saturday,31,August,2021,Yes,218,947,1102,1070.7142857142858
2021-08-08,1483,Sunday,31,August,2021,Yes,219,1185,1329,1082.571428571429
2021-08-09,1211,Monday,32,August,2021,No,220,1483,1044,1104.571428571429
2021-08-10,1040,Tuesday,32,August,2021,No,221,1211,1159,1128.428571428571
2021-08-11,1178,Wednesday,32,August,2021,No,222,1040,907,1111.428571428571
2021-08-12,1279,Thursday,32,August,2021,No,223,1178,1007,1150.142857142857
2021-08-13,1028,Friday,32,August,2021,No,224,1279,947,1189
2021-08-14,1349,Saturday,32,August,2021,Yes,225,1028,1185,1200.571428571429
2021-08-15,1732,Sunday,32,August,2021,Yes,226,1349,1483,1224
2021-08-16,1158,Monday,33,August,2021,No,227,1732,1211,1259.571428571429
2021-08-17,913,Tuesday,33,August,2021,No,228,1158,1040,1252
2021-08-18,1090,Wednesday,33,August,2021,No,229,913,1178,1233.857142857143
2021-08-19,1048,Thursday,33,August,2021,No,230,1090,1279,1221.2857142857142
2021-08-20,880,Friday,33,August,2021,No,231,1048,1028,1188.2857142857142
2021-08-21,1246,Saturday,33,August,2021,Yes,232,880,1349,1167.142857142857
2021-08-22,1365,Sunday,33,August,2021,Yes,233,1246,1732,1152.428571428571
2021-08-23,912,Monday,34,August,2021,No,234,1365,1158,1100
2021-08-24,913,Tuesday,34,August,2021,No,235,912,913,1064.857142857143
2021-08-25,796,Wednesday,34,August,2021,No,236,913,1090,1064.857142857143
2021-08-26,966,Thursday,34,August,2021,No,237,796,1048,1022.8571428571428
2021-08-27,732,Friday,34,August,2021,No,238,966,880,1011.1428571428572
2021-08-28,969,Saturday,34,August,2021,Yes,239,732,1246,990
2021-08-29,1167,Sunday,34,August,2021,Yes,240,969,1365,950.4285714285714
2021-08-30,669,Monday,35,August,2021,No,241,1167,912,922.1428571428572
2021-08-31,555,Tuesday,35,August,2021,No,242,669,913,887.4285714285714
2021-09-01,477,Wednesday,35,September,2021,No,243,555,796,836.2857142857143
2021-09-02,500,Thursday,35,September,2021,No,244,477,966,790.7142857142857
2021-09-03,579,Friday,35,September,2021,No,245,500,732,724.1428571428571
2021-09-04,799,Saturday,35,September,2021,Yes,246,579,969,702.2857142857143
2021-09-05,950,Sunday,35,September,2021,Yes,247,799,1167,678
2021-09-06,478,Monday,36,September,2021,No,248,950,669,647
2021-09-07,490,Tuesday,36,September,2021,No,249,478,555,619.7142857142857
2021-09-08,477,Wednesday,36,September,2021,No,250,490,477,610.4285714285714
2021-09-09,482,Thursday,36,September,2021,No,251,477,500,610.4285714285714
2021-09-10,470,Friday,36,September,2021,No,252,482,579,607.8571428571429
2021-09-11,695,Saturday,36,September,2021,Yes,253,470,799,592.2857142857143
2021-09-12,934,Sunday,36,September,2021,Yes,254,695,950,577.4285714285714
2021-09-13,498,Monday,37,September,2021,No,255,934,478,575.1428571428571
2021-09-14,386,Tuesday,37,September,2021,No,256,498,490,578
2021-09-15,381,Wednesday,37,September,2021,No,257,386,477,563.1428571428571
2021-09-16,378,Thursday,37,September,2021,No,258,381,482,549.4285714285714
2021-09-17,392,Friday,37,September,2021,No,259,378,470,534.5714285714286
2021-09-18,637,Saturday,37,September,2021,Yes,260,392,695,523.4285714285714
2021-09-19,728,Sunday,37,September,2021,Yes,261,637,934,515.1428571428571
2021-09-20,473,Monday,38,September,2021,No,262,728,498,485.7142857142857
2021-09-21,443,Tuesday,38,September,2021,No,263,473,386,482.1428571428572
2021-09-22,74,Wednesday,38,September,2021,No,264,443,381,490.2857142857143
2021-09-23,372,Thursday,38,September,2021,No,265,74,378,446.42857142857144
2021-09-24,449,Friday,38,September,2021,No,266,372,392,445.57142857142856
2021-09-25,661,Saturday,38,September,2021,Yes,267,449,637,453.7142857142857
2021-09-26,747,Sunday,38,September,2021,Yes,268,661,728,457.1428571428572
2021-09-27,321,Monday,39,September,2021,No,269,747,473,459.8571428571428
2021-09-28,322,Tuesday,39,September,2021,No,270,321,443,438.1428571428572
2021-09-29,325,Wednesday,39,September,2021,No,271,322,74,420.8571428571428
2021-09-30,328,Thursday,39,September,2021,No,272,325,372,456.7142857142857
2021-10-01,384,Friday,39,October,2021,No,273,328,449,450.42857142857144
2021-10-02,463,Saturday,39,October,2021,Yes,274,384,661,441.1428571428572
2021-10-03,636,Sunday,39,October,2021,Yes,275,463,747,412.8571428571428
2021-10-04,360,Monday,40,October,2021,No,276,636,321,397
2021-10-05,314,Tuesday,40,October,2021,No,277,360,322,402.57142857142856
2021-10-06,343,Wednesday,40,October,2021,No,278,314,325,401.42857142857144
2021-10-07,409,Thursday,40,October,2021,No,279,343,328,404
2021-10-08,468,Friday,40,October,2021,No,280,409,384,415.57142857142856
2021-10-09,584,Saturday,40,October,2021,Yes,281,468,463,427.57142857142856
2021-10-10,770,Sunday,40,October,2021,Yes,282,584,636,444.8571428571428
2021-10-11,321,Monday,41,October,2021,No,283,770,360,464
2021-10-12,241,Tuesday,41,October,2021,No,284,321,314,458.42857142857144
2021-10-13,286,Wednesday,41,October,2021,No,285,241,343,448
2021-10-14,301,Thursday,41,October,2021,No,286,286,409,439.8571428571428
2021-10-15,340,Friday,41,October,2021,No,287,301,468,424.42857142857144
2021-10-16,505,Saturday,41,October,2021,Yes,288,340,584,406.1428571428572
2021-10-17,689,Sunday,41,October,2021,Yes,289,505,770,394.8571428571428
2021-10-18,289,Monday,42,October,2021,No,290,689,321,383.2857142857143
2021-10-19,366,Tuesday,42,October,2021,No,291,289,241,378.7142857142857
2021-10-20,315,Wednesday,42,October,2021,No,292,366,286,396.57142857142856
2021-10-21,380,Thursday,42,October,2021,No,293,315,301,400.7142857142857
2021-10-22,378,Friday,42,October,2021,No,294,380,340,412
2021-10-23,611,Saturday,42,October,2021,Yes,295,378,505,417.42857142857144
2021-10-24,832,Sunday,42,October,2021,Yes,296,611,689,432.57142857142856
2021-10-25,465,Monday,43,October,2021,No,297,832,289,453
2021-10-26,530,Tuesday,43,October,2021,No,298,465,366,478.1428571428572
2021-10-27,520,Wednesday,43,October,2021,No,299,530,315,501.57142857142856
2021-10-28,514,Thursday,43,October,2021,No,300,520,380,530.8571428571429
2021-10-29,545,Friday,43,October,2021,No,301,514,378,550
2021-10-30,768,Saturday,43,October,2021,Yes,302,545,611,573.8571428571429
2021-10-31,1072,Sunday,43,October,2021,Yes,303,768,832,596.2857142857143
2021-11-01,927,Monday,44,November,2021,No,304,1072,465,630.5714285714286
2021-11-02,540,Tuesday,44,November,2021,No,305,927,530,696.5714285714286
2021-11-03,530,Wednesday,44,November,2021,No,306,540,520,698
2021-11-04,482,Thursday,44,November,2021,No,307,530,514,699.4285714285714
2021-11-05,502,Friday,44,November,2021,No,308,482,545,694.8571428571429
2021-11-06,579,Saturday,44,November,2021,Yes,309,502,768,688.7142857142857
2021-11-07,567,Sunday,44,November,2021,Yes,310,579,1072,661.7142857142857
2021-11-08,382,Monday,45,November,2021,No,311,567,927,589.5714285714286
2021-11-09,346,Tuesday,45,November,2021,No,312,382,540,511.7142857142857
2021-11-10,359,Wednesday,45,November,2021,No,313,346,530,484
2021-11-11,522,Thursday,45,November,2021,No,314,359,482,459.57142857142856
2021-11-12,335,Friday,45,November,2021,No,315,522,502,465.2857142857143
2021-11-13,422,Saturday,45,November,2021,Yes,316,335,579,441.42857142857144
2021-11-14,629,Sunday,45,November,2021,Yes,317,422,567,419
2021-11-15,285,Monday,46,November,2021,No,318,629,382,427.8571428571428
2021-11-16,257,Tuesday,46,November,2021,No,319,285,346,414
2021-11-17,0,Wednesday,46,November,2021,No,320,257,359,401.2857142857143
2021-11-18,286,Thursday,46,November,2021,No,321,0,522,350
2021-11-19,326,Friday,46,November,2021,No,322,286,335,316.2857142857143
2021-11-20,398,Saturday,46,November,2021,Yes,323,326,422,315
2021-11-21,524,Sunday,46,November,2021,Yes,324,398,629,311.57142857142856
2021-11-22,261,Monday,47,November,2021,No,325,524,285,296.57142857142856
2021-11-23,264,Tuesday,47,November,2021,No,326,261,257,293.14285714285717
2021-11-24,0,Wednesday,47,November,2021,No,327,264,0,294.14285714285717
2021-11-25,310,Thursday,47,November,2021,No,328,0,286,294.14285714285717
2021-11-26,262,Friday,47,November,2021,No,329,310,326,297.57142857142856
2021-11-27,363,Saturday,47,November,2021,Yes,330,262,398,288.42857142857144
2021-11-28,587,Sunday,47,November,2021,Yes,331,363,524,283.42857142857144
2021-11-29,284,Monday,48,November,2021,No,332,587,261,292.42857142857144
2021-11-30,310,Tuesday,48,November,2021,No,333,284,264,295.7142857142857
2021-12-01,0,Wednesday,48,December,2021,No,334,310,0,302.2857142857143
2021-12-02,240,Thursday,48,December,2021,No,335,0,310,302.2857142857143
2021-12-03,296,Friday,48,December,2021,No,336,240,262,292.2857142857143
2021-12-04,318,Saturday,48,December,2021,Yes,337,296,363,297.14285714285717
2021-12-05,582,Sunday,48,December,2021,Yes,338,318,587,290.7142857142857
2021-12-06,0,Monday,49,December,2021,No,339,582,284,290
2021-12-07,0,Tuesday,49,December,2021,No,340,0,310,249.42857142857144
2021-12-08,0,Wednesday,49,December,2021,No,341,0,0,205.1428571428571
2021-12-09,246,Thursday,49,December,2021,No,342,0,240,205.1428571428571
2021-12-10,273,Friday,49,December,2021,No,343,246,296,206
2021-12-11,371,Saturday,49,December,2021,Yes,344,273,318,202.71428571428572
2021-12-12,560,Sunday,49,December,2021,Yes,345,371,582,210.28571428571428
2021-12-13,289,Monday,50,December,2021,No,346,560,0,207.1428571428571
2021-12-14,287,Tuesday,50,December,2021,No,347,289,0,248.42857142857144
2021-12-15,0,Wednesday,50,December,2021,No,348,287,0,289.42857142857144
2021-12-16,312,Thursday,50,December,2021,No,349,0,246,289.42857142857144
2021-12-17,396,Friday,50,December,2021,No,350,312,273,298.85714285714283
2021-12-18,414,Saturday,50,December,2021,Yes,351,396,371,316.42857142857144
2021-12-19,595,Sunday,50,December,2021,Yes,352,414,560,322.57142857142856
2021-12-20,392,Monday,51,December,2021,No,353,595,289,327.57142857142856
2021-12-21,434,Tuesday,51,December,2021,No,354,392,287,342.2857142857143
2021-12-22,372,Wednesday,51,December,2021,No,355,434,0,363.2857142857143
2021-12-23,448,Thursday,51,December,2021,No,356,372,312,416.42857142857144
2021-12-24,1006,Friday,51,December,2021,No,357,448,396,435.8571428571428
2021-12-25,647,Saturday,51,December,2021,Yes,358,1006,414,523
2021-12-26,734,Sunday,51,December,2021,Yes,359,647,595,556.2857142857143
2021-12-27,505,Monday,52,December,2021,No,360,734,392,576.1428571428571
2021-12-28,525,Tuesday,52,December,2021,No,361,505,434,592.2857142857143
2021-12-29,453,Wednesday,52,December,2021,No,362,525,372,605.2857142857143
2021-12-30,489,Thursday,52,December,2021,No,363,453,448,616.8571428571429
2021-12-31,908,Friday,52,December,2021,No,364,489,1006,622.7142857142857
2022-01-01,0,Saturday,52,January,2022,Yes,365,908,647,608.7142857142857
2022-01-02,881,Sunday,52,January,2022,Yes,366,0,734,516.2857142857143
2022-01-03,352,Monday,1,January,2022,No,367,881,505,537.2857142857143
2022-01-04,67,Tuesday,1,January,2022,No,368,352,525,515.4285714285714
2022-01-05,0,Wednesday,1,January,2022,No,369,67,453,450
2022-01-06,325,Thursday,1,January,2022,No,370,0,489,385.2857142857143
2022-01-07,287,Friday,1,January,2022,No,371,325,908,361.8571428571428
2022-01-08,317,Saturday,1,January,2022,Yes,372,287,0,273.14285714285717
2022-01-09,484,Sunday,1,January,2022,Yes,373,317,881,318.42857142857144
2022-01-10,258,Monday,2,January,2022,No,374,484,352,261.7142857142857
2022-01-11,282,Tuesday,2,January,2022,No,375,258,67,248.28571428571428
2022-01-12,0,Wednesday,2,January,2022,No,376,282,0,279
2022-01-13,232,Thursday,2,January,2022,No,377,0,325,279
2022-01-14,297,Friday,2,January,2022,No,378,232,287,265.7142857142857
2022-01-15,313,Saturday,2,January,2022,Yes,379,297,317,267.14285714285717
2022-01-16,486,Sunday,2,January,2022,Yes,380,313,484,266.57142857142856
2022-01-17,286,Monday,3,January,2022,No,381,486,258,266.85714285714283
2022-01-18,254,Tuesday,3,January,2022,No,382,286,282,270.85714285714283
2022-01-19,0,Wednesday,3,January,2022,No,383,254,0,266.85714285714283
2022-01-20,303,Thursday,3,January,2022,No,384,0,232,266.85714285714283
2022-01-21,305,Friday,3,January,2022,No,385,303,297,277
2022-01-22,358,Saturday,3,January,2022,Yes,386,305,313,278.14285714285717
2022-01-23,550,Sunday,3,January,2022,Yes,387,358,486,284.57142857142856
2022-01-24,266,Monday,4,January,2022,No,388,550,286,293.7142857142857
2022-01-25,284,Tuesday,4,January,2022,No,389,266,254,290.85714285714283
2022-01-26,0,Wednesday,4,January,2022,No,390,284,0,295.14285714285717
2022-01-27,358,Thursday,4,January,2022,No,391,0,303,295.14285714285717
2022-01-28,283,Friday,4,January,2022,No,392,358,305,303
2022-01-29,346,Saturday,4,January,2022,Yes,393,283,358,299.85714285714283
2022-01-30,535,Sunday,4,January,2022,Yes,394,346,550,298.14285714285717
2022-01-31,273,Monday,5,January,2022,No,395,535,266,296
2022-02-01,263,Tuesday,5,February,2022,No,396,273,284,297
2022-02-02,0,Wednesday,5,February,2022,No,397,263,0,294
2022-02-03,315,Thursday,5,February,2022,No,398,0,358,294
2022-02-04,274,Friday,5,February,2022,No,399,315,283,287.85714285714283
2022-02-05,352,Saturday,5,February,2022,Yes,400,274,346,286.57142857142856
2022-02-06,604,Sunday,5,February,2022,Yes,401,352,535,287.42857142857144
2022-02-07,329,Monday,6,February,2022,No,402,604,273,297.2857142857143
2022-02-08,357,Tuesday,6,February,2022,No,403,329,263,305.2857142857143
2022-02-09,0,Wednesday,6,February,2022,No,404,357,0,318.7142857142857
2022-02-10,361,Thursday,6,February,2022,No,405,0,315,318.7142857142857
2022-02-11,348,Friday,6,February,2022,No,406,361,274,325.2857142857143
2022-02-12,453,Saturday,6,February,2022,Yes,407,348,352,335.85714285714283
2022-02-13,706,Sunday,6,February,2022,Yes,408,453,604,350.2857142857143
2022-02-14,417,Monday,7,February,2022,No,409,706,329,364.8571428571428
2022-02-15,548,Tuesday,7,February,2022,No,410,417,357,377.42857142857144
2022-02-16,0,Wednesday,7,February,2022,No,411,548,0,404.7142857142857
2022-02-17,471,Thursday,7,February,2022,No,412,0,361,404.7142857142857
2022-02-18,516,Friday,7,February,2022,No,413,471,348,420.42857142857144
2022-02-19,598,Saturday,7,February,2022,Yes,414,516,453,444.42857142857144
2022-02-20,861,Sunday,7,February,2022,Yes,415,598,706,465.1428571428572
2022-02-21,390,Monday,8,February,2022,No,416,861,417,487.2857142857143
2022-02-22,418,Tuesday,8,February,2022,No,417,390,548,483.42857142857144
2022-02-23,0,Wednesday,8,February,2022,No,418,418,0,464.8571428571428
2022-02-24,489,Thursday,8,February,2022,No,419,0,471,464.8571428571428
2022-02-25,522,Friday,8,February,2022,No,420,489,516,467.42857142857144
2022-02-26,663,Saturday,8,February,2022,Yes,421,522,598,468.2857142857143
2022-02-27,954,Sunday,8,February,2022,Yes,422,663,861,477.57142857142856
2022-02-28,404,Monday,9,February,2022,No,423,954,390,490.8571428571428
2022-03-01,482,Tuesday,9,March,2022,No,424,404,418,492.8571428571428
2022-03-02,354,Wednesday,9,March,2022,No,425,482,0,502
2022-03-03,359,Thursday,9,March,2022,No,426,354,489,552.5714285714286
2022-03-04,438,Friday,9,March,2022,No,427,359,522,534
2022-03-05,611,Saturday,9,March,2022,Yes,428,438,663,522
2022-03-06,798,Sunday,9,March,2022,Yes,429,611,954,514.5714285714286
2022-03-07,409,Monday,10,March,2022,No,430,798,404,492.2857142857143
2022-03-08,337,Tuesday,10,March,2022,No,431,409,482,493
2022-03-09,235,Wednesday,10,March,2022,No,432,337,354,472.2857142857143
2022-03-10,254,Thursday,10,March,2022,No,433,235,359,455.2857142857143
2022-03-11,271,Friday,10,March,2022,No,434,254,438,440.2857142857143
2022-03-12,346,Saturday,10,March,2022,Yes,435,271,611,416.42857142857144
2022-03-13,608,Sunday,10,March,2022,Yes,436,346,798,378.57142857142856
2022-03-14,314,Monday,11,March,2022,No,437,608,409,351.42857142857144
2022-03-15,293,Tuesday,11,March,2022,No,438,314,337,337.85714285714283
2022-03-16,211,Wednesday,11,March,2022,No,439,293,235,331.57142857142856
2022-03-17,257,Thursday,11,March,2022,No,440,211,254,328.14285714285717
2022-03-18,296,Friday,11,March,2022,No,441,257,271,328.57142857142856
2022-03-19,413,Saturday,11,March,2022,Yes,442,296,346,332.14285714285717
2022-03-20,687,Sunday,11,March,2022,Yes,443,413,608,341.7142857142857
2022-03-21,355,Monday,12,March,2022,No,444,687,314,353
2022-03-22,320,Tuesday,12,March,2022,No,445,355,293,358.85714285714283
2022-03-23,279,Wednesday,12,March,2022,No,446,320,211,362.7142857142857
2022-03-24,277,Thursday,12,March,2022,No,447,279,257,372.42857142857144
2022-03-25,341,Friday,12,March,2022,No,448,277,296,375.2857142857143
2022-03-26,529,Saturday,12,March,2022,Yes,449,341,413,381.7142857142857
2022-03-27,650,Sunday,12,March,2022,Yes,450,529,687,398.2857142857143
2022-03-28,335,Monday,13,March,2022,No,451,650,355,393
2022-03-29,310,Tuesday,13,March,2022,No,452,335,320,390.1428571428572
2022-03-30,227,Wednesday,13,March,2022,No,453,310,279,388.7142857142857
2022-03-31,248,Thursday,13,March,2022,No,454,227,277,381.2857142857143
2022-04-01,349,Friday,13,April,2022,No,455,248,341,377.1428571428572
2022-04-02,403,Saturday,13,April,2022,Yes,456,349,529,378.2857142857143
2022-04-03,567,Sunday,13,April,2022,Yes,457,403,650,360.2857142857143
2022-04-04,297,Monday,14,April,2022,No,458,567,335,348.42857142857144
2022-04-05,336,Tuesday,14,April,2022,No,459,297,310,343
2022-04-06,261,Wednesday,14,April,2022,No,460,336,227,346.7142857142857
2022-04-07,327,Thursday,14,April,2022,No,461,261,248,351.57142857142856
2022-04-08,256,Friday,14,April,2022,No,462,327,349,362.8571428571428
2022-04-09,422,Saturday,14,April,2022,Yes,463,256,403,349.57142857142856
2022-04-10,645,Sunday,14,April,2022,Yes,464,422,567,352.2857142857143
2022-04-11,440,Monday,15,April,2022,No,465,645,297,363.42857142857144
2022-04-12,344,Tuesday,15,April,2022,No,466,440,336,383.8571428571428
2022-04-13,331,Wednesday,15,April,2022,No,467,344,261,385
2022-04-14,415,Thursday,15,April,2022,No,468,331,327,395
2022-04-15,512,Friday,15,April,2022,No,469,415,256,407.57142857142856
2022-04-16,964,Saturday,15,April,2022,Yes,470,512,422,444.1428571428572
2022-04-17,835,Sunday,15,April,2022,Yes,471,964,645,521.5714285714286
2022-04-18,1096,Monday,16,April,2022,No,472,835,440,548.7142857142857
2022-04-19,523,Tuesday,16,April,2022,No,473,1096,344,642.4285714285714
2022-04-20,488,Wednesday,16,April,2022,No,474,523,331,668
2022-04-21,683,Thursday,16,April,2022,No,475,488,415,690.4285714285714
2022-04-22,540,Friday,16,April,2022,No,476,683,512,728.7142857142857
2022-04-23,506,Saturday,16,April,2022,Yes,477,540,964,732.7142857142857
2022-04-24,711,Sunday,16,April,2022,Yes,478,506,835,667.2857142857143
2022-04-25,428,Monday,17,April,2022,No,479,711,1096,649.5714285714286
2022-04-26,337,Tuesday,17,April,2022,No,480,428,523,554.1428571428571
2022-04-27,455,Wednesday,17,April,2022,No,481,337,488,527.5714285714286
2022-04-28,394,Thursday,17,April,2022,No,482,455,683,522.8571428571429
2022-04-29,444,Friday,17,April,2022,No,483,394,540,481.57142857142856
2022-04-30,801,Saturday,17,April,2022,Yes,484,444,506,467.8571428571428
2022-05-01,1010,Sunday,17,May,2022,Yes,485,801,711,510
2022-05-02,571,Monday,18,May,2022,No,486,1010,428,552.7142857142857
2022-05-03,411,Tuesday,18,May,2022,No,487,571,337,573.1428571428571
2022-05-04,0,Wednesday,18,May,2022,No,488,411,455,583.7142857142857
2022-05-05,458,Thursday,18,May,2022,No,489,0,394,518.7142857142857
2022-05-06,477,Friday,18,May,2022,No,490,458,444,527.8571428571429
2022-05-07,560,Saturday,18,May,2022,Yes,491,477,801,532.5714285714286
2022-05-08,816,Sunday,18,May,2022,Yes,492,560,1010,498.1428571428572
2022-05-09,414,Monday,19,May,2022,No,493,816,571,470.42857142857144
2022-05-10,365,Tuesday,19,May,2022,No,494,414,411,448
2022-05-11,315,Wednesday,19,May,2022,No,495,365,0,441.42857142857144
2022-05-12,373,Thursday,19,May,2022,No,496,315,458,486.42857142857144
2022-05-13,363,Friday,19,May,2022,No,497,373,477,474.2857142857143
2022-05-14,543,Saturday,19,May,2022,Yes,498,363,560,458
2022-05-15,833,Sunday,19,May,2022,Yes,499,543,816,455.57142857142856
2022-05-16,410,Monday,20,May,2022,No,500,833,414,458
2022-05-17,350,Tuesday,20,May,2022,No,501,410,365,457.42857142857144
2022-05-18,361,Wednesday,20,May,2022,No,502,350,315,455.2857142857143
2022-05-19,366,Thursday,20,May,2022,No,503,361,373,461.8571428571428
2022-05-20,420,Friday,20,May,2022,No,504,366,363,460.8571428571428
2022-05-21,539,Saturday,20,May,2022,Yes,505,420,543,469
2022-05-22,782,Sunday,20,May,2022,Yes,506,539,833,468.42857142857144
2022-05-23,353,Monday,21,May,2022,No,507,782,410,461.1428571428572
2022-05-24,408,Tuesday,21,May,2022,No,508,353,350,453
2022-05-25,529,Wednesday,21,May,2022,No,509,408,361,461.2857142857143
2022-05-26,1094,Thursday,21,May,2022,No,510,529,366,485.2857142857143
2022-05-27,1135,Friday,21,May,2022,No,511,1094,420,589.2857142857143
